protocol,concurrency,repeat,sample_id,latency_ms
MedAuth,10,1,1,5.9
MedAuth,10,1,2,5.9
MedAuth,10,1,3,5.9
MedAuth,10,1,4,5.9
MedAuth,10,1,5,5.9
MedAuth,10,1,6,5.9
MedAuth,10,1,7,5.9
MedAuth,10,1,8,5.9
MedAuth,10,1,9,5.9
MedAuth,10,1,10,5.9
MedAuth,10,1,11,5.9
MedAuth,10,1,12,5.9
MedAuth,10,1,13,5.9
MedAuth,10,1,14,5.9
MedAuth,10,1,15,5.9
MedAuth,10,1,16,5.9
MedAuth,10,1,17,5.9
MedAuth,10,1,18,5.9
MedAuth,10,1,19,5.9
MedAuth,10,1,20,5.9
MedAuth,10,1,21,5.9
MedAuth,10,1,22,5.9
MedAuth,10,1,23,5.9
MedAuth,10,1,24,5.9
MedAuth,10,1,25,5.9
MedAuth,10,1,26,5.9
MedAuth,10,1,27,5.9
MedAuth,10,1,28,5.9
MedAuth,10,1,29,5.9
MedAuth,10,1,30,5.9
MedAuth,10,1,31,5.9
MedAuth,10,1,32,5.9
MedAuth,10,1,33,5.9
MedAuth,10,1,34,5.9
MedAuth,10,1,35,5.9
MedAuth,10,1,36,5.9
MedAuth,10,1,37,5.9
MedAuth,10,1,38,5.9
MedAuth,10,1,39,5.9
MedAuth,10,1,40,5.9
MedAuth,10,1,41,5.9
MedAuth,10,1,42,5.9
MedAuth,10,1,43,5.9
MedAuth,10,1,44,5.9
MedAuth,10,1,45,5.9
MedAuth,10,1,46,5.9
MedAuth,10,1,47,5.9
MedAuth,10,1,48,5.9
MedAuth,10,1,49,5.9
MedAuth,10,1,50,6.1
MedAuth,10,1,51,6.1
MedAuth,10,1,52,6.1
MedAuth,10,1,53,6.1
MedAuth,10,1,54,6.1
MedAuth,10,1,55,6.1
MedAuth,10,1,56,6.1
MedAuth,10,1,57,6.1
MedAuth,10,1,58,6.1
MedAuth,10,1,59,6.1
MedAuth,10,1,60,6.1
MedAuth,10,1,61,6.1
MedAuth,10,1,62,6.1
MedAuth,10,1,63,6.1
MedAuth,10,1,64,6.1
MedAuth,10,1,65,6.1
MedAuth,10,1,66,6.1
MedAuth,10,1,67,6.1
MedAuth,10,1,68,6.1
MedAuth,10,1,69,6.1
MedAuth,10,1,70,6.1
MedAuth,10,1,71,6.1
MedAuth,10,1,72,6.1
MedAuth,10,1,73,6.1
MedAuth,10,1,74,6.1
MedAuth,10,1,75,6.1
MedAuth,10,1,76,6.1
MedAuth,10,1,77,6.1
MedAuth,10,1,78,6.1
MedAuth,10,1,79,6.1
MedAuth,10,1,80,6.1
MedAuth,10,1,81,6.1
MedAuth,10,1,82,6.1
MedAuth,10,1,83,6.1
MedAuth,10,1,84,6.1
MedAuth,10,1,85,6.1
MedAuth,10,1,86,6.1
MedAuth,10,1,87,6.1
MedAuth,10,1,88,6.1
MedAuth,10,1,89,6.1
MedAuth,10,1,90,6.1
MedAuth,10,1,91,6.1
MedAuth,10,1,92,6.1
MedAuth,10,1,93,6.1
MedAuth,10,1,94,6.1
MedAuth,10,1,95,8.2
MedAuth,10,1,96,8.3
MedAuth,10,1,97,8.3
MedAuth,10,1,98,8.3
MedAuth,10,1,99,8.3
MedAuth,10,1,100,8.3
MedAuth,10,2,1,5.9
MedAuth,10,2,2,5.9
MedAuth,10,2,3,5.9
MedAuth,10,2,4,5.9
MedAuth,10,2,5,5.9
MedAuth,10,2,6,5.9
MedAuth,10,2,7,5.9
MedAuth,10,2,8,5.9
MedAuth,10,2,9,5.9
MedAuth,10,2,10,5.9
MedAuth,10,2,11,5.9
MedAuth,10,2,12,5.9
MedAuth,10,2,13,5.9
MedAuth,10,2,14,5.9
MedAuth,10,2,15,5.9
MedAuth,10,2,16,5.9
MedAuth,10,2,17,5.9
MedAuth,10,2,18,5.9
MedAuth,10,2,19,5.9
MedAuth,10,2,20,5.9
MedAuth,10,2,21,5.9
MedAuth,10,2,22,5.9
MedAuth,10,2,23,5.9
MedAuth,10,2,24,5.9
MedAuth,10,2,25,5.9
MedAuth,10,2,26,5.9
MedAuth,10,2,27,5.9
MedAuth,10,2,28,5.9
MedAuth,10,2,29,5.9
MedAuth,10,2,30,5.9
MedAuth,10,2,31,5.9
MedAuth,10,2,32,5.9
MedAuth,10,2,33,5.9
MedAuth,10,2,34,5.9
MedAuth,10,2,35,5.9
MedAuth,10,2,36,5.9
MedAuth,10,2,37,5.9
MedAuth,10,2,38,5.9
MedAuth,10,2,39,5.9
MedAuth,10,2,40,5.9
MedAuth,10,2,41,5.9
MedAuth,10,2,42,5.9
MedAuth,10,2,43,5.9
MedAuth,10,2,44,5.9
MedAuth,10,2,45,5.9
MedAuth,10,2,46,5.9
MedAuth,10,2,47,5.9
MedAuth,10,2,48,5.9
MedAuth,10,2,49,5.9
MedAuth,10,2,50,6.1
MedAuth,10,2,51,6.1
MedAuth,10,2,52,6.1
MedAuth,10,2,53,6.1
MedAuth,10,2,54,6.1
MedAuth,10,2,55,6.1
MedAuth,10,2,56,6.1
MedAuth,10,2,57,6.1
MedAuth,10,2,58,6.1
MedAuth,10,2,59,6.1
MedAuth,10,2,60,6.1
MedAuth,10,2,61,6.1
MedAuth,10,2,62,6.1
MedAuth,10,2,63,6.1
MedAuth,10,2,64,6.1
MedAuth,10,2,65,6.1
MedAuth,10,2,66,6.1
MedAuth,10,2,67,6.1
MedAuth,10,2,68,6.1
MedAuth,10,2,69,6.1
MedAuth,10,2,70,6.1
MedAuth,10,2,71,6.1
MedAuth,10,2,72,6.1
MedAuth,10,2,73,6.1
MedAuth,10,2,74,6.1
MedAuth,10,2,75,6.1
MedAuth,10,2,76,6.1
MedAuth,10,2,77,6.1
MedAuth,10,2,78,6.1
MedAuth,10,2,79,6.1
MedAuth,10,2,80,6.1
MedAuth,10,2,81,6.1
MedAuth,10,2,82,6.1
MedAuth,10,2,83,6.1
MedAuth,10,2,84,6.1
MedAuth,10,2,85,6.1
MedAuth,10,2,86,6.1
MedAuth,10,2,87,6.1
MedAuth,10,2,88,6.1
MedAuth,10,2,89,6.1
MedAuth,10,2,90,6.1
MedAuth,10,2,91,6.1
MedAuth,10,2,92,6.1
MedAuth,10,2,93,6.1
MedAuth,10,2,94,6.1
MedAuth,10,2,95,8.2
MedAuth,10,2,96,8.3
MedAuth,10,2,97,8.3
MedAuth,10,2,98,8.3
MedAuth,10,2,99,8.3
MedAuth,10,2,100,8.3
MedAuth,10,3,1,5.9
MedAuth,10,3,2,5.9
MedAuth,10,3,3,5.9
MedAuth,10,3,4,5.9
MedAuth,10,3,5,5.9
MedAuth,10,3,6,5.9
MedAuth,10,3,7,5.9
MedAuth,10,3,8,5.9
MedAuth,10,3,9,5.9
MedAuth,10,3,10,5.9
MedAuth,10,3,11,5.9
MedAuth,10,3,12,5.9
MedAuth,10,3,13,5.9
MedAuth,10,3,14,5.9
MedAuth,10,3,15,5.9
MedAuth,10,3,16,5.9
MedAuth,10,3,17,5.9
MedAuth,10,3,18,5.9
MedAuth,10,3,19,5.9
MedAuth,10,3,20,5.9
MedAuth,10,3,21,5.9
MedAuth,10,3,22,5.9
MedAuth,10,3,23,5.9
MedAuth,10,3,24,5.9
MedAuth,10,3,25,5.9
MedAuth,10,3,26,5.9
MedAuth,10,3,27,5.9
MedAuth,10,3,28,5.9
MedAuth,10,3,29,5.9
MedAuth,10,3,30,5.9
MedAuth,10,3,31,5.9
MedAuth,10,3,32,5.9
MedAuth,10,3,33,5.9
MedAuth,10,3,34,5.9
MedAuth,10,3,35,5.9
MedAuth,10,3,36,5.9
MedAuth,10,3,37,5.9
MedAuth,10,3,38,5.9
MedAuth,10,3,39,5.9
MedAuth,10,3,40,5.9
MedAuth,10,3,41,5.9
MedAuth,10,3,42,5.9
MedAuth,10,3,43,5.9
MedAuth,10,3,44,5.9
MedAuth,10,3,45,5.9
MedAuth,10,3,46,5.9
MedAuth,10,3,47,5.9
MedAuth,10,3,48,5.9
MedAuth,10,3,49,5.9
MedAuth,10,3,50,6.1
MedAuth,10,3,51,6.1
MedAuth,10,3,52,6.1
MedAuth,10,3,53,6.1
MedAuth,10,3,54,6.1
MedAuth,10,3,55,6.1
MedAuth,10,3,56,6.1
MedAuth,10,3,57,6.1
MedAuth,10,3,58,6.1
MedAuth,10,3,59,6.1
MedAuth,10,3,60,6.1
MedAuth,10,3,61,6.1
MedAuth,10,3,62,6.1
MedAuth,10,3,63,6.1
MedAuth,10,3,64,6.1
MedAuth,10,3,65,6.1
MedAuth,10,3,66,6.1
MedAuth,10,3,67,6.1
MedAuth,10,3,68,6.1
MedAuth,10,3,69,6.1
MedAuth,10,3,70,6.1
MedAuth,10,3,71,6.1
MedAuth,10,3,72,6.1
MedAuth,10,3,73,6.1
MedAuth,10,3,74,6.1
MedAuth,10,3,75,6.1
MedAuth,10,3,76,6.1
MedAuth,10,3,77,6.1
MedAuth,10,3,78,6.1
MedAuth,10,3,79,6.1
MedAuth,10,3,80,6.1
MedAuth,10,3,81,6.1
MedAuth,10,3,82,6.1
MedAuth,10,3,83,6.1
MedAuth,10,3,84,6.1
MedAuth,10,3,85,6.1
MedAuth,10,3,86,6.1
MedAuth,10,3,87,6.1
MedAuth,10,3,88,6.1
MedAuth,10,3,89,6.1
MedAuth,10,3,90,6.1
MedAuth,10,3,91,6.1
MedAuth,10,3,92,6.1
MedAuth,10,3,93,6.1
MedAuth,10,3,94,6.1
MedAuth,10,3,95,8.2
MedAuth,10,3,96,8.3
MedAuth,10,3,97,8.3
MedAuth,10,3,98,8.3
MedAuth,10,3,99,8.3
MedAuth,10,3,100,8.3
MedAuth,100,1,1,6.3
MedAuth,100,1,2,6.3
MedAuth,100,1,3,6.3
MedAuth,100,1,4,6.3
MedAuth,100,1,5,6.3
MedAuth,100,1,6,6.3
MedAuth,100,1,7,6.3
MedAuth,100,1,8,6.3
MedAuth,100,1,9,6.3
MedAuth,100,1,10,6.3
MedAuth,100,1,11,6.3
MedAuth,100,1,12,6.3
MedAuth,100,1,13,6.3
MedAuth,100,1,14,6.3
MedAuth,100,1,15,6.3
MedAuth,100,1,16,6.3
MedAuth,100,1,17,6.3
MedAuth,100,1,18,6.3
MedAuth,100,1,19,6.3
MedAuth,100,1,20,6.3
MedAuth,100,1,21,6.3
MedAuth,100,1,22,6.3
MedAuth,100,1,23,6.3
MedAuth,100,1,24,6.3
MedAuth,100,1,25,6.3
MedAuth,100,1,26,6.3
MedAuth,100,1,27,6.3
MedAuth,100,1,28,6.3
MedAuth,100,1,29,6.3
MedAuth,100,1,30,6.3
MedAuth,100,1,31,6.3
MedAuth,100,1,32,6.3
MedAuth,100,1,33,6.3
MedAuth,100,1,34,6.3
MedAuth,100,1,35,6.3
MedAuth,100,1,36,6.3
MedAuth,100,1,37,6.3
MedAuth,100,1,38,6.3
MedAuth,100,1,39,6.3
MedAuth,100,1,40,6.3
MedAuth,100,1,41,6.3
MedAuth,100,1,42,6.3
MedAuth,100,1,43,6.3
MedAuth,100,1,44,6.3
MedAuth,100,1,45,6.3
MedAuth,100,1,46,6.3
MedAuth,100,1,47,6.3
MedAuth,100,1,48,6.3
MedAuth,100,1,49,6.3
MedAuth,100,1,50,6.5
MedAuth,100,1,51,6.5
MedAuth,100,1,52,6.5
MedAuth,100,1,53,6.5
MedAuth,100,1,54,6.5
MedAuth,100,1,55,6.5
MedAuth,100,1,56,6.5
MedAuth,100,1,57,6.5
MedAuth,100,1,58,6.5
MedAuth,100,1,59,6.5
MedAuth,100,1,60,6.5
MedAuth,100,1,61,6.5
MedAuth,100,1,62,6.5
MedAuth,100,1,63,6.5
MedAuth,100,1,64,6.5
MedAuth,100,1,65,6.5
MedAuth,100,1,66,6.5
MedAuth,100,1,67,6.5
MedAuth,100,1,68,6.5
MedAuth,100,1,69,6.5
MedAuth,100,1,70,6.5
MedAuth,100,1,71,6.5
MedAuth,100,1,72,6.5
MedAuth,100,1,73,6.5
MedAuth,100,1,74,6.5
MedAuth,100,1,75,6.5
MedAuth,100,1,76,6.5
MedAuth,100,1,77,6.5
MedAuth,100,1,78,6.5
MedAuth,100,1,79,6.5
MedAuth,100,1,80,6.5
MedAuth,100,1,81,6.5
MedAuth,100,1,82,6.5
MedAuth,100,1,83,6.5
MedAuth,100,1,84,6.5
MedAuth,100,1,85,6.5
MedAuth,100,1,86,6.5
MedAuth,100,1,87,6.5
MedAuth,100,1,88,6.5
MedAuth,100,1,89,6.5
MedAuth,100,1,90,6.5
MedAuth,100,1,91,6.5
MedAuth,100,1,92,6.5
MedAuth,100,1,93,6.5
MedAuth,100,1,94,6.5
MedAuth,100,1,95,9.8
MedAuth,100,1,96,9.9
MedAuth,100,1,97,9.9
MedAuth,100,1,98,9.9
MedAuth,100,1,99,9.9
MedAuth,100,1,100,9.9
MedAuth,100,2,1,6.3
MedAuth,100,2,2,6.3
MedAuth,100,2,3,6.3
MedAuth,100,2,4,6.3
MedAuth,100,2,5,6.3
MedAuth,100,2,6,6.3
MedAuth,100,2,7,6.3
MedAuth,100,2,8,6.3
MedAuth,100,2,9,6.3
MedAuth,100,2,10,6.3
MedAuth,100,2,11,6.3
MedAuth,100,2,12,6.3
MedAuth,100,2,13,6.3
MedAuth,100,2,14,6.3
MedAuth,100,2,15,6.3
MedAuth,100,2,16,6.3
MedAuth,100,2,17,6.3
MedAuth,100,2,18,6.3
MedAuth,100,2,19,6.3
MedAuth,100,2,20,6.3
MedAuth,100,2,21,6.3
MedAuth,100,2,22,6.3
MedAuth,100,2,23,6.3
MedAuth,100,2,24,6.3
MedAuth,100,2,25,6.3
MedAuth,100,2,26,6.3
MedAuth,100,2,27,6.3
MedAuth,100,2,28,6.3
MedAuth,100,2,29,6.3
MedAuth,100,2,30,6.3
MedAuth,100,2,31,6.3
MedAuth,100,2,32,6.3
MedAuth,100,2,33,6.3
MedAuth,100,2,34,6.3
MedAuth,100,2,35,6.3
MedAuth,100,2,36,6.3
MedAuth,100,2,37,6.3
MedAuth,100,2,38,6.3
MedAuth,100,2,39,6.3
MedAuth,100,2,40,6.3
MedAuth,100,2,41,6.3
MedAuth,100,2,42,6.3
MedAuth,100,2,43,6.3
MedAuth,100,2,44,6.3
MedAuth,100,2,45,6.3
MedAuth,100,2,46,6.3
MedAuth,100,2,47,6.3
MedAuth,100,2,48,6.3
MedAuth,100,2,49,6.3
MedAuth,100,2,50,6.5
MedAuth,100,2,51,6.5
MedAuth,100,2,52,6.5
MedAuth,100,2,53,6.5
MedAuth,100,2,54,6.5
MedAuth,100,2,55,6.5
MedAuth,100,2,56,6.5
MedAuth,100,2,57,6.5
MedAuth,100,2,58,6.5
MedAuth,100,2,59,6.5
MedAuth,100,2,60,6.5
MedAuth,100,2,61,6.5
MedAuth,100,2,62,6.5
MedAuth,100,2,63,6.5
MedAuth,100,2,64,6.5
MedAuth,100,2,65,6.5
MedAuth,100,2,66,6.5
MedAuth,100,2,67,6.5
MedAuth,100,2,68,6.5
MedAuth,100,2,69,6.5
MedAuth,100,2,70,6.5
MedAuth,100,2,71,6.5
MedAuth,100,2,72,6.5
MedAuth,100,2,73,6.5
MedAuth,100,2,74,6.5
MedAuth,100,2,75,6.5
MedAuth,100,2,76,6.5
MedAuth,100,2,77,6.5
MedAuth,100,2,78,6.5
MedAuth,100,2,79,6.5
MedAuth,100,2,80,6.5
MedAuth,100,2,81,6.5
MedAuth,100,2,82,6.5
MedAuth,100,2,83,6.5
MedAuth,100,2,84,6.5
MedAuth,100,2,85,6.5
MedAuth,100,2,86,6.5
MedAuth,100,2,87,6.5
MedAuth,100,2,88,6.5
MedAuth,100,2,89,6.5
MedAuth,100,2,90,6.5
MedAuth,100,2,91,6.5
MedAuth,100,2,92,6.5
MedAuth,100,2,93,6.5
MedAuth,100,2,94,6.5
MedAuth,100,2,95,9.8
MedAuth,100,2,96,9.9
MedAuth,100,2,97,9.9
MedAuth,100,2,98,9.9
MedAuth,100,2,99,9.9
MedAuth,100,2,100,9.9
MedAuth,100,3,1,6.3
MedAuth,100,3,2,6.3
MedAuth,100,3,3,6.3
MedAuth,100,3,4,6.3
MedAuth,100,3,5,6.3
MedAuth,100,3,6,6.3
MedAuth,100,3,7,6.3
MedAuth,100,3,8,6.3
MedAuth,100,3,9,6.3
MedAuth,100,3,10,6.3
MedAuth,100,3,11,6.3
MedAuth,100,3,12,6.3
MedAuth,100,3,13,6.3
MedAuth,100,3,14,6.3
MedAuth,100,3,15,6.3
MedAuth,100,3,16,6.3
MedAuth,100,3,17,6.3
MedAuth,100,3,18,6.3
MedAuth,100,3,19,6.3
MedAuth,100,3,20,6.3
MedAuth,100,3,21,6.3
MedAuth,100,3,22,6.3
MedAuth,100,3,23,6.3
MedAuth,100,3,24,6.3
MedAuth,100,3,25,6.3
MedAuth,100,3,26,6.3
MedAuth,100,3,27,6.3
MedAuth,100,3,28,6.3
MedAuth,100,3,29,6.3
MedAuth,100,3,30,6.3
MedAuth,100,3,31,6.3
MedAuth,100,3,32,6.3
MedAuth,100,3,33,6.3
MedAuth,100,3,34,6.3
MedAuth,100,3,35,6.3
MedAuth,100,3,36,6.3
MedAuth,100,3,37,6.3
MedAuth,100,3,38,6.3
MedAuth,100,3,39,6.3
MedAuth,100,3,40,6.3
MedAuth,100,3,41,6.3
MedAuth,100,3,42,6.3
MedAuth,100,3,43,6.3
MedAuth,100,3,44,6.3
MedAuth,100,3,45,6.3
MedAuth,100,3,46,6.3
MedAuth,100,3,47,6.3
MedAuth,100,3,48,6.3
MedAuth,100,3,49,6.3
MedAuth,100,3,50,6.5
MedAuth,100,3,51,6.5
MedAuth,100,3,52,6.5
MedAuth,100,3,53,6.5
MedAuth,100,3,54,6.5
MedAuth,100,3,55,6.5
MedAuth,100,3,56,6.5
MedAuth,100,3,57,6.5
MedAuth,100,3,58,6.5
MedAuth,100,3,59,6.5
MedAuth,100,3,60,6.5
MedAuth,100,3,61,6.5
MedAuth,100,3,62,6.5
MedAuth,100,3,63,6.5
MedAuth,100,3,64,6.5
MedAuth,100,3,65,6.5
MedAuth,100,3,66,6.5
MedAuth,100,3,67,6.5
MedAuth,100,3,68,6.5
MedAuth,100,3,69,6.5
MedAuth,100,3,70,6.5
MedAuth,100,3,71,6.5
MedAuth,100,3,72,6.5
MedAuth,100,3,73,6.5
MedAuth,100,3,74,6.5
MedAuth,100,3,75,6.5
MedAuth,100,3,76,6.5
MedAuth,100,3,77,6.5
MedAuth,100,3,78,6.5
MedAuth,100,3,79,6.5
MedAuth,100,3,80,6.5
MedAuth,100,3,81,6.5
MedAuth,100,3,82,6.5
MedAuth,100,3,83,6.5
MedAuth,100,3,84,6.5
MedAuth,100,3,85,6.5
MedAuth,100,3,86,6.5
MedAuth,100,3,87,6.5
MedAuth,100,3,88,6.5
MedAuth,100,3,89,6.5
MedAuth,100,3,90,6.5
MedAuth,100,3,91,6.5
MedAuth,100,3,92,6.5
MedAuth,100,3,93,6.5
MedAuth,100,3,94,6.5
MedAuth,100,3,95,9.8
MedAuth,100,3,96,9.9
MedAuth,100,3,97,9.9
MedAuth,100,3,98,9.9
MedAuth,100,3,99,9.9
MedAuth,100,3,100,9.9
MedAuth,500,1,1,8.6
MedAuth,500,1,2,8.6
MedAuth,500,1,3,8.6
MedAuth,500,1,4,8.6
MedAuth,500,1,5,8.6
MedAuth,500,1,6,8.6
MedAuth,500,1,7,8.6
MedAuth,500,1,8,8.6
MedAuth,500,1,9,8.6
MedAuth,500,1,10,8.6
MedAuth,500,1,11,8.6
MedAuth,500,1,12,8.6
MedAuth,500,1,13,8.6
MedAuth,500,1,14,8.6
MedAuth,500,1,15,8.6
MedAuth,500,1,16,8.6
MedAuth,500,1,17,8.6
MedAuth,500,1,18,8.6
MedAuth,500,1,19,8.6
MedAuth,500,1,20,8.6
MedAuth,500,1,21,8.6
MedAuth,500,1,22,8.6
MedAuth,500,1,23,8.6
MedAuth,500,1,24,8.6
MedAuth,500,1,25,8.6
MedAuth,500,1,26,8.6
MedAuth,500,1,27,8.6
MedAuth,500,1,28,8.6
MedAuth,500,1,29,8.6
MedAuth,500,1,30,8.6
MedAuth,500,1,31,8.6
MedAuth,500,1,32,8.6
MedAuth,500,1,33,8.6
MedAuth,500,1,34,8.6
MedAuth,500,1,35,8.6
MedAuth,500,1,36,8.6
MedAuth,500,1,37,8.6
MedAuth,500,1,38,8.6
MedAuth,500,1,39,8.6
MedAuth,500,1,40,8.6
MedAuth,500,1,41,8.6
MedAuth,500,1,42,8.6
MedAuth,500,1,43,8.6
MedAuth,500,1,44,8.6
MedAuth,500,1,45,8.6
MedAuth,500,1,46,8.6
MedAuth,500,1,47,8.6
MedAuth,500,1,48,8.6
MedAuth,500,1,49,8.6
MedAuth,500,1,50,8.8
MedAuth,500,1,51,8.8
MedAuth,500,1,52,8.8
MedAuth,500,1,53,8.8
MedAuth,500,1,54,8.8
MedAuth,500,1,55,8.8
MedAuth,500,1,56,8.8
MedAuth,500,1,57,8.8
MedAuth,500,1,58,8.8
MedAuth,500,1,59,8.8
MedAuth,500,1,60,8.8
MedAuth,500,1,61,8.8
MedAuth,500,1,62,8.8
MedAuth,500,1,63,8.8
MedAuth,500,1,64,8.8
MedAuth,500,1,65,8.8
MedAuth,500,1,66,8.8
MedAuth,500,1,67,8.8
MedAuth,500,1,68,8.8
MedAuth,500,1,69,8.8
MedAuth,500,1,70,8.8
MedAuth,500,1,71,8.8
MedAuth,500,1,72,8.8
MedAuth,500,1,73,8.8
MedAuth,500,1,74,8.8
MedAuth,500,1,75,8.8
MedAuth,500,1,76,8.8
MedAuth,500,1,77,8.8
MedAuth,500,1,78,8.8
MedAuth,500,1,79,8.8
MedAuth,500,1,80,8.8
MedAuth,500,1,81,8.8
MedAuth,500,1,82,8.8
MedAuth,500,1,83,8.8
MedAuth,500,1,84,8.8
MedAuth,500,1,85,8.8
MedAuth,500,1,86,8.8
MedAuth,500,1,87,8.8
MedAuth,500,1,88,8.8
MedAuth,500,1,89,8.8
MedAuth,500,1,90,8.8
MedAuth,500,1,91,8.8
MedAuth,500,1,92,8.8
MedAuth,500,1,93,8.8
MedAuth,500,1,94,8.8
MedAuth,500,1,95,15.2
MedAuth,500,1,96,15.3
MedAuth,500,1,97,15.3
MedAuth,500,1,98,15.3
MedAuth,500,1,99,15.3
MedAuth,500,1,100,15.3
MedAuth,500,2,1,8.6
MedAuth,500,2,2,8.6
MedAuth,500,2,3,8.6
MedAuth,500,2,4,8.6
MedAuth,500,2,5,8.6
MedAuth,500,2,6,8.6
MedAuth,500,2,7,8.6
MedAuth,500,2,8,8.6
MedAuth,500,2,9,8.6
MedAuth,500,2,10,8.6
MedAuth,500,2,11,8.6
MedAuth,500,2,12,8.6
MedAuth,500,2,13,8.6
MedAuth,500,2,14,8.6
MedAuth,500,2,15,8.6
MedAuth,500,2,16,8.6
MedAuth,500,2,17,8.6
MedAuth,500,2,18,8.6
MedAuth,500,2,19,8.6
MedAuth,500,2,20,8.6
MedAuth,500,2,21,8.6
MedAuth,500,2,22,8.6
MedAuth,500,2,23,8.6
MedAuth,500,2,24,8.6
MedAuth,500,2,25,8.6
MedAuth,500,2,26,8.6
MedAuth,500,2,27,8.6
MedAuth,500,2,28,8.6
MedAuth,500,2,29,8.6
MedAuth,500,2,30,8.6
MedAuth,500,2,31,8.6
MedAuth,500,2,32,8.6
MedAuth,500,2,33,8.6
MedAuth,500,2,34,8.6
MedAuth,500,2,35,8.6
MedAuth,500,2,36,8.6
MedAuth,500,2,37,8.6
MedAuth,500,2,38,8.6
MedAuth,500,2,39,8.6
MedAuth,500,2,40,8.6
MedAuth,500,2,41,8.6
MedAuth,500,2,42,8.6
MedAuth,500,2,43,8.6
MedAuth,500,2,44,8.6
MedAuth,500,2,45,8.6
MedAuth,500,2,46,8.6
MedAuth,500,2,47,8.6
MedAuth,500,2,48,8.6
MedAuth,500,2,49,8.6
MedAuth,500,2,50,8.8
MedAuth,500,2,51,8.8
MedAuth,500,2,52,8.8
MedAuth,500,2,53,8.8
MedAuth,500,2,54,8.8
MedAuth,500,2,55,8.8
MedAuth,500,2,56,8.8
MedAuth,500,2,57,8.8
MedAuth,500,2,58,8.8
MedAuth,500,2,59,8.8
MedAuth,500,2,60,8.8
MedAuth,500,2,61,8.8
MedAuth,500,2,62,8.8
MedAuth,500,2,63,8.8
MedAuth,500,2,64,8.8
MedAuth,500,2,65,8.8
MedAuth,500,2,66,8.8
MedAuth,500,2,67,8.8
MedAuth,500,2,68,8.8
MedAuth,500,2,69,8.8
MedAuth,500,2,70,8.8
MedAuth,500,2,71,8.8
MedAuth,500,2,72,8.8
MedAuth,500,2,73,8.8
MedAuth,500,2,74,8.8
MedAuth,500,2,75,8.8
MedAuth,500,2,76,8.8
MedAuth,500,2,77,8.8
MedAuth,500,2,78,8.8
MedAuth,500,2,79,8.8
MedAuth,500,2,80,8.8
MedAuth,500,2,81,8.8
MedAuth,500,2,82,8.8
MedAuth,500,2,83,8.8
MedAuth,500,2,84,8.8
MedAuth,500,2,85,8.8
MedAuth,500,2,86,8.8
MedAuth,500,2,87,8.8
MedAuth,500,2,88,8.8
MedAuth,500,2,89,8.8
MedAuth,500,2,90,8.8
MedAuth,500,2,91,8.8
MedAuth,500,2,92,8.8
MedAuth,500,2,93,8.8
MedAuth,500,2,94,8.8
MedAuth,500,2,95,15.2
MedAuth,500,2,96,15.3
MedAuth,500,2,97,15.3
MedAuth,500,2,98,15.3
MedAuth,500,2,99,15.3
MedAuth,500,2,100,15.3
MedAuth,500,3,1,8.6
MedAuth,500,3,2,8.6
MedAuth,500,3,3,8.6
MedAuth,500,3,4,8.6
MedAuth,500,3,5,8.6
MedAuth,500,3,6,8.6
MedAuth,500,3,7,8.6
MedAuth,500,3,8,8.6
MedAuth,500,3,9,8.6
MedAuth,500,3,10,8.6
MedAuth,500,3,11,8.6
MedAuth,500,3,12,8.6
MedAuth,500,3,13,8.6
MedAuth,500,3,14,8.6
MedAuth,500,3,15,8.6
MedAuth,500,3,16,8.6
MedAuth,500,3,17,8.6
MedAuth,500,3,18,8.6
MedAuth,500,3,19,8.6
MedAuth,500,3,20,8.6
MedAuth,500,3,21,8.6
MedAuth,500,3,22,8.6
MedAuth,500,3,23,8.6
MedAuth,500,3,24,8.6
MedAuth,500,3,25,8.6
MedAuth,500,3,26,8.6
MedAuth,500,3,27,8.6
MedAuth,500,3,28,8.6
MedAuth,500,3,29,8.6
MedAuth,500,3,30,8.6
MedAuth,500,3,31,8.6
MedAuth,500,3,32,8.6
MedAuth,500,3,33,8.6
MedAuth,500,3,34,8.6
MedAuth,500,3,35,8.6
MedAuth,500,3,36,8.6
MedAuth,500,3,37,8.6
MedAuth,500,3,38,8.6
MedAuth,500,3,39,8.6
MedAuth,500,3,40,8.6
MedAuth,500,3,41,8.6
MedAuth,500,3,42,8.6
MedAuth,500,3,43,8.6
MedAuth,500,3,44,8.6
MedAuth,500,3,45,8.6
MedAuth,500,3,46,8.6
MedAuth,500,3,47,8.6
MedAuth,500,3,48,8.6
MedAuth,500,3,49,8.6
MedAuth,500,3,50,8.8
MedAuth,500,3,51,8.8
MedAuth,500,3,52,8.8
MedAuth,500,3,53,8.8
MedAuth,500,3,54,8.8
MedAuth,500,3,55,8.8
MedAuth,500,3,56,8.8
MedAuth,500,3,57,8.8
MedAuth,500,3,58,8.8
MedAuth,500,3,59,8.8
MedAuth,500,3,60,8.8
MedAuth,500,3,61,8.8
MedAuth,500,3,62,8.8
MedAuth,500,3,63,8.8
MedAuth,500,3,64,8.8
MedAuth,500,3,65,8.8
MedAuth,500,3,66,8.8
MedAuth,500,3,67,8.8
MedAuth,500,3,68,8.8
MedAuth,500,3,69,8.8
MedAuth,500,3,70,8.8
MedAuth,500,3,71,8.8
MedAuth,500,3,72,8.8
MedAuth,500,3,73,8.8
MedAuth,500,3,74,8.8
MedAuth,500,3,75,8.8
MedAuth,500,3,76,8.8
MedAuth,500,3,77,8.8
MedAuth,500,3,78,8.8
MedAuth,500,3,79,8.8
MedAuth,500,3,80,8.8
MedAuth,500,3,81,8.8
MedAuth,500,3,82,8.8
MedAuth,500,3,83,8.8
MedAuth,500,3,84,8.8
MedAuth,500,3,85,8.8
MedAuth,500,3,86,8.8
MedAuth,500,3,87,8.8
MedAuth,500,3,88,8.8
MedAuth,500,3,89,8.8
MedAuth,500,3,90,8.8
MedAuth,500,3,91,8.8
MedAuth,500,3,92,8.8
MedAuth,500,3,93,8.8
MedAuth,500,3,94,8.8
MedAuth,500,3,95,15.2
MedAuth,500,3,96,15.3
MedAuth,500,3,97,15.3
MedAuth,500,3,98,15.3
MedAuth,500,3,99,15.3
MedAuth,500,3,100,15.3
MedAuth,1000,1,1,9.3
MedAuth,1000,1,2,9.3
MedAuth,1000,1,3,9.3
MedAuth,1000,1,4,9.3
MedAuth,1000,1,5,9.3
MedAuth,1000,1,6,9.3
MedAuth,1000,1,7,9.3
MedAuth,1000,1,8,9.3
MedAuth,1000,1,9,9.3
MedAuth,1000,1,10,9.3
MedAuth,1000,1,11,9.3
MedAuth,1000,1,12,9.3
MedAuth,1000,1,13,9.3
MedAuth,1000,1,14,9.3
MedAuth,1000,1,15,9.3
MedAuth,1000,1,16,9.3
MedAuth,1000,1,17,9.3
MedAuth,1000,1,18,9.3
MedAuth,1000,1,19,9.3
MedAuth,1000,1,20,9.3
MedAuth,1000,1,21,9.3
MedAuth,1000,1,22,9.3
MedAuth,1000,1,23,9.3
MedAuth,1000,1,24,9.3
MedAuth,1000,1,25,9.3
MedAuth,1000,1,26,9.3
MedAuth,1000,1,27,9.3
MedAuth,1000,1,28,9.3
MedAuth,1000,1,29,9.3
MedAuth,1000,1,30,9.3
MedAuth,1000,1,31,9.3
MedAuth,1000,1,32,9.3
MedAuth,1000,1,33,9.3
MedAuth,1000,1,34,9.3
MedAuth,1000,1,35,9.3
MedAuth,1000,1,36,9.3
MedAuth,1000,1,37,9.3
MedAuth,1000,1,38,9.3
MedAuth,1000,1,39,9.3
MedAuth,1000,1,40,9.3
MedAuth,1000,1,41,9.3
MedAuth,1000,1,42,9.3
MedAuth,1000,1,43,9.3
MedAuth,1000,1,44,9.3
MedAuth,1000,1,45,9.3
MedAuth,1000,1,46,9.3
MedAuth,1000,1,47,9.3
MedAuth,1000,1,48,9.3
MedAuth,1000,1,49,9.3
MedAuth,1000,1,50,9.5
MedAuth,1000,1,51,9.5
MedAuth,1000,1,52,9.5
MedAuth,1000,1,53,9.5
MedAuth,1000,1,54,9.5
MedAuth,1000,1,55,9.5
MedAuth,1000,1,56,9.5
MedAuth,1000,1,57,9.5
MedAuth,1000,1,58,9.5
MedAuth,1000,1,59,9.5
MedAuth,1000,1,60,9.5
MedAuth,1000,1,61,9.5
MedAuth,1000,1,62,9.5
MedAuth,1000,1,63,9.5
MedAuth,1000,1,64,9.5
MedAuth,1000,1,65,9.5
MedAuth,1000,1,66,9.5
MedAuth,1000,1,67,9.5
MedAuth,1000,1,68,9.5
MedAuth,1000,1,69,9.5
MedAuth,1000,1,70,9.5
MedAuth,1000,1,71,9.5
MedAuth,1000,1,72,9.5
MedAuth,1000,1,73,9.5
MedAuth,1000,1,74,9.5
MedAuth,1000,1,75,9.5
MedAuth,1000,1,76,9.5
MedAuth,1000,1,77,9.5
MedAuth,1000,1,78,9.5
MedAuth,1000,1,79,9.5
MedAuth,1000,1,80,9.5
MedAuth,1000,1,81,9.5
MedAuth,1000,1,82,9.5
MedAuth,1000,1,83,9.5
MedAuth,1000,1,84,9.5
MedAuth,1000,1,85,9.5
MedAuth,1000,1,86,9.5
MedAuth,1000,1,87,9.5
MedAuth,1000,1,88,9.5
MedAuth,1000,1,89,9.5
MedAuth,1000,1,90,9.5
MedAuth,1000,1,91,9.5
MedAuth,1000,1,92,9.5
MedAuth,1000,1,93,9.5
MedAuth,1000,1,94,9.5
MedAuth,1000,1,95,18.5
MedAuth,1000,1,96,18.6
MedAuth,1000,1,97,18.6
MedAuth,1000,1,98,18.6
MedAuth,1000,1,99,18.6
MedAuth,1000,1,100,18.6
MedAuth,1000,2,1,9.3
MedAuth,1000,2,2,9.3
MedAuth,1000,2,3,9.3
MedAuth,1000,2,4,9.3
MedAuth,1000,2,5,9.3
MedAuth,1000,2,6,9.3
MedAuth,1000,2,7,9.3
MedAuth,1000,2,8,9.3
MedAuth,1000,2,9,9.3
MedAuth,1000,2,10,9.3
MedAuth,1000,2,11,9.3
MedAuth,1000,2,12,9.3
MedAuth,1000,2,13,9.3
MedAuth,1000,2,14,9.3
MedAuth,1000,2,15,9.3
MedAuth,1000,2,16,9.3
MedAuth,1000,2,17,9.3
MedAuth,1000,2,18,9.3
MedAuth,1000,2,19,9.3
MedAuth,1000,2,20,9.3
MedAuth,1000,2,21,9.3
MedAuth,1000,2,22,9.3
MedAuth,1000,2,23,9.3
MedAuth,1000,2,24,9.3
MedAuth,1000,2,25,9.3
MedAuth,1000,2,26,9.3
MedAuth,1000,2,27,9.3
MedAuth,1000,2,28,9.3
MedAuth,1000,2,29,9.3
MedAuth,1000,2,30,9.3
MedAuth,1000,2,31,9.3
MedAuth,1000,2,32,9.3
MedAuth,1000,2,33,9.3
MedAuth,1000,2,34,9.3
MedAuth,1000,2,35,9.3
MedAuth,1000,2,36,9.3
MedAuth,1000,2,37,9.3
MedAuth,1000,2,38,9.3
MedAuth,1000,2,39,9.3
MedAuth,1000,2,40,9.3
MedAuth,1000,2,41,9.3
MedAuth,1000,2,42,9.3
MedAuth,1000,2,43,9.3
MedAuth,1000,2,44,9.3
MedAuth,1000,2,45,9.3
MedAuth,1000,2,46,9.3
MedAuth,1000,2,47,9.3
MedAuth,1000,2,48,9.3
MedAuth,1000,2,49,9.3
MedAuth,1000,2,50,9.5
MedAuth,1000,2,51,9.5
MedAuth,1000,2,52,9.5
MedAuth,1000,2,53,9.5
MedAuth,1000,2,54,9.5
MedAuth,1000,2,55,9.5
MedAuth,1000,2,56,9.5
MedAuth,1000,2,57,9.5
MedAuth,1000,2,58,9.5
MedAuth,1000,2,59,9.5
MedAuth,1000,2,60,9.5
MedAuth,1000,2,61,9.5
MedAuth,1000,2,62,9.5
MedAuth,1000,2,63,9.5
MedAuth,1000,2,64,9.5
MedAuth,1000,2,65,9.5
MedAuth,1000,2,66,9.5
MedAuth,1000,2,67,9.5
MedAuth,1000,2,68,9.5
MedAuth,1000,2,69,9.5
MedAuth,1000,2,70,9.5
MedAuth,1000,2,71,9.5
MedAuth,1000,2,72,9.5
MedAuth,1000,2,73,9.5
MedAuth,1000,2,74,9.5
MedAuth,1000,2,75,9.5
MedAuth,1000,2,76,9.5
MedAuth,1000,2,77,9.5
MedAuth,1000,2,78,9.5
MedAuth,1000,2,79,9.5
MedAuth,1000,2,80,9.5
MedAuth,1000,2,81,9.5
MedAuth,1000,2,82,9.5
MedAuth,1000,2,83,9.5
MedAuth,1000,2,84,9.5
MedAuth,1000,2,85,9.5
MedAuth,1000,2,86,9.5
MedAuth,1000,2,87,9.5
MedAuth,1000,2,88,9.5
MedAuth,1000,2,89,9.5
MedAuth,1000,2,90,9.5
MedAuth,1000,2,91,9.5
MedAuth,1000,2,92,9.5
MedAuth,1000,2,93,9.5
MedAuth,1000,2,94,9.5
MedAuth,1000,2,95,18.5
MedAuth,1000,2,96,18.6
MedAuth,1000,2,97,18.6
MedAuth,1000,2,98,18.6
MedAuth,1000,2,99,18.6
MedAuth,1000,2,100,18.6
MedAuth,1000,3,1,9.3
MedAuth,1000,3,2,9.3
MedAuth,1000,3,3,9.3
MedAuth,1000,3,4,9.3
MedAuth,1000,3,5,9.3
MedAuth,1000,3,6,9.3
MedAuth,1000,3,7,9.3
MedAuth,1000,3,8,9.3
MedAuth,1000,3,9,9.3
MedAuth,1000,3,10,9.3
MedAuth,1000,3,11,9.3
MedAuth,1000,3,12,9.3
MedAuth,1000,3,13,9.3
MedAuth,1000,3,14,9.3
MedAuth,1000,3,15,9.3
MedAuth,1000,3,16,9.3
MedAuth,1000,3,17,9.3
MedAuth,1000,3,18,9.3
MedAuth,1000,3,19,9.3
MedAuth,1000,3,20,9.3
MedAuth,1000,3,21,9.3
MedAuth,1000,3,22,9.3
MedAuth,1000,3,23,9.3
MedAuth,1000,3,24,9.3
MedAuth,1000,3,25,9.3
MedAuth,1000,3,26,9.3
MedAuth,1000,3,27,9.3
MedAuth,1000,3,28,9.3
MedAuth,1000,3,29,9.3
MedAuth,1000,3,30,9.3
MedAuth,1000,3,31,9.3
MedAuth,1000,3,32,9.3
MedAuth,1000,3,33,9.3
MedAuth,1000,3,34,9.3
MedAuth,1000,3,35,9.3
MedAuth,1000,3,36,9.3
MedAuth,1000,3,37,9.3
MedAuth,1000,3,38,9.3
MedAuth,1000,3,39,9.3
MedAuth,1000,3,40,9.3
MedAuth,1000,3,41,9.3
MedAuth,1000,3,42,9.3
MedAuth,1000,3,43,9.3
MedAuth,1000,3,44,9.3
MedAuth,1000,3,45,9.3
MedAuth,1000,3,46,9.3
MedAuth,1000,3,47,9.3
MedAuth,1000,3,48,9.3
MedAuth,1000,3,49,9.3
MedAuth,1000,3,50,9.5
MedAuth,1000,3,51,9.5
MedAuth,1000,3,52,9.5
MedAuth,1000,3,53,9.5
MedAuth,1000,3,54,9.5
MedAuth,1000,3,55,9.5
MedAuth,1000,3,56,9.5
MedAuth,1000,3,57,9.5
MedAuth,1000,3,58,9.5
MedAuth,1000,3,59,9.5
MedAuth,1000,3,60,9.5
MedAuth,1000,3,61,9.5
MedAuth,1000,3,62,9.5
MedAuth,1000,3,63,9.5
MedAuth,1000,3,64,9.5
MedAuth,1000,3,65,9.5
MedAuth,1000,3,66,9.5
MedAuth,1000,3,67,9.5
MedAuth,1000,3,68,9.5
MedAuth,1000,3,69,9.5
MedAuth,1000,3,70,9.5
MedAuth,1000,3,71,9.5
MedAuth,1000,3,72,9.5
MedAuth,1000,3,73,9.5
MedAuth,1000,3,74,9.5
MedAuth,1000,3,75,9.5
MedAuth,1000,3,76,9.5
MedAuth,1000,3,77,9.5
MedAuth,1000,3,78,9.5
MedAuth,1000,3,79,9.5
MedAuth,1000,3,80,9.5
MedAuth,1000,3,81,9.5
MedAuth,1000,3,82,9.5
MedAuth,1000,3,83,9.5
MedAuth,1000,3,84,9.5
MedAuth,1000,3,85,9.5
MedAuth,1000,3,86,9.5
MedAuth,1000,3,87,9.5
MedAuth,1000,3,88,9.5
MedAuth,1000,3,89,9.5
MedAuth,1000,3,90,9.5
MedAuth,1000,3,91,9.5
MedAuth,1000,3,92,9.5
MedAuth,1000,3,93,9.5
MedAuth,1000,3,94,9.5
MedAuth,1000,3,95,18.5
MedAuth,1000,3,96,18.6
MedAuth,1000,3,97,18.6
MedAuth,1000,3,98,18.6
MedAuth,1000,3,99,18.6
MedAuth,1000,3,100,18.6
MedAuth,2000,1,1,18
MedAuth,2000,1,2,18
MedAuth,2000,1,3,18
MedAuth,2000,1,4,18
MedAuth,2000,1,5,18
MedAuth,2000,1,6,18
MedAuth,2000,1,7,18
MedAuth,2000,1,8,18
MedAuth,2000,1,9,18
MedAuth,2000,1,10,18
MedAuth,2000,1,11,18
MedAuth,2000,1,12,18
MedAuth,2000,1,13,18
MedAuth,2000,1,14,18
MedAuth,2000,1,15,18
MedAuth,2000,1,16,18
MedAuth,2000,1,17,18
MedAuth,2000,1,18,18
MedAuth,2000,1,19,18
MedAuth,2000,1,20,18
MedAuth,2000,1,21,18
MedAuth,2000,1,22,18
MedAuth,2000,1,23,18
MedAuth,2000,1,24,18
MedAuth,2000,1,25,18
MedAuth,2000,1,26,18
MedAuth,2000,1,27,18
MedAuth,2000,1,28,18
MedAuth,2000,1,29,18
MedAuth,2000,1,30,18
MedAuth,2000,1,31,18
MedAuth,2000,1,32,18
MedAuth,2000,1,33,18
MedAuth,2000,1,34,18
MedAuth,2000,1,35,18
MedAuth,2000,1,36,18
MedAuth,2000,1,37,18
MedAuth,2000,1,38,18
MedAuth,2000,1,39,18
MedAuth,2000,1,40,18
MedAuth,2000,1,41,18
MedAuth,2000,1,42,18
MedAuth,2000,1,43,18
MedAuth,2000,1,44,18
MedAuth,2000,1,45,18
MedAuth,2000,1,46,18
MedAuth,2000,1,47,18
MedAuth,2000,1,48,18
MedAuth,2000,1,49,18
MedAuth,2000,1,50,18.2
MedAuth,2000,1,51,18.2
MedAuth,2000,1,52,18.2
MedAuth,2000,1,53,18.2
MedAuth,2000,1,54,18.2
MedAuth,2000,1,55,18.2
MedAuth,2000,1,56,18.2
MedAuth,2000,1,57,18.2
MedAuth,2000,1,58,18.2
MedAuth,2000,1,59,18.2
MedAuth,2000,1,60,18.2
MedAuth,2000,1,61,18.2
MedAuth,2000,1,62,18.2
MedAuth,2000,1,63,18.2
MedAuth,2000,1,64,18.2
MedAuth,2000,1,65,18.2
MedAuth,2000,1,66,18.2
MedAuth,2000,1,67,18.2
MedAuth,2000,1,68,18.2
MedAuth,2000,1,69,18.2
MedAuth,2000,1,70,18.2
MedAuth,2000,1,71,18.2
MedAuth,2000,1,72,18.2
MedAuth,2000,1,73,18.2
MedAuth,2000,1,74,18.2
MedAuth,2000,1,75,18.2
MedAuth,2000,1,76,18.2
MedAuth,2000,1,77,18.2
MedAuth,2000,1,78,18.2
MedAuth,2000,1,79,18.2
MedAuth,2000,1,80,18.2
MedAuth,2000,1,81,18.2
MedAuth,2000,1,82,18.2
MedAuth,2000,1,83,18.2
MedAuth,2000,1,84,18.2
MedAuth,2000,1,85,18.2
MedAuth,2000,1,86,18.2
MedAuth,2000,1,87,18.2
MedAuth,2000,1,88,18.2
MedAuth,2000,1,89,18.2
MedAuth,2000,1,90,18.2
MedAuth,2000,1,91,18.2
MedAuth,2000,1,92,18.2
MedAuth,2000,1,93,18.2
MedAuth,2000,1,94,18.2
MedAuth,2000,1,95,85.1
MedAuth,2000,1,96,85.2
MedAuth,2000,1,97,85.2
MedAuth,2000,1,98,85.2
MedAuth,2000,1,99,85.2
MedAuth,2000,1,100,85.2
MedAuth,2000,2,1,18
MedAuth,2000,2,2,18
MedAuth,2000,2,3,18
MedAuth,2000,2,4,18
MedAuth,2000,2,5,18
MedAuth,2000,2,6,18
MedAuth,2000,2,7,18
MedAuth,2000,2,8,18
MedAuth,2000,2,9,18
MedAuth,2000,2,10,18
MedAuth,2000,2,11,18
MedAuth,2000,2,12,18
MedAuth,2000,2,13,18
MedAuth,2000,2,14,18
MedAuth,2000,2,15,18
MedAuth,2000,2,16,18
MedAuth,2000,2,17,18
MedAuth,2000,2,18,18
MedAuth,2000,2,19,18
MedAuth,2000,2,20,18
MedAuth,2000,2,21,18
MedAuth,2000,2,22,18
MedAuth,2000,2,23,18
MedAuth,2000,2,24,18
MedAuth,2000,2,25,18
MedAuth,2000,2,26,18
MedAuth,2000,2,27,18
MedAuth,2000,2,28,18
MedAuth,2000,2,29,18
MedAuth,2000,2,30,18
MedAuth,2000,2,31,18
MedAuth,2000,2,32,18
MedAuth,2000,2,33,18
MedAuth,2000,2,34,18
MedAuth,2000,2,35,18
MedAuth,2000,2,36,18
MedAuth,2000,2,37,18
MedAuth,2000,2,38,18
MedAuth,2000,2,39,18
MedAuth,2000,2,40,18
MedAuth,2000,2,41,18
MedAuth,2000,2,42,18
MedAuth,2000,2,43,18
MedAuth,2000,2,44,18
MedAuth,2000,2,45,18
MedAuth,2000,2,46,18
MedAuth,2000,2,47,18
MedAuth,2000,2,48,18
MedAuth,2000,2,49,18
MedAuth,2000,2,50,18.2
MedAuth,2000,2,51,18.2
MedAuth,2000,2,52,18.2
MedAuth,2000,2,53,18.2
MedAuth,2000,2,54,18.2
MedAuth,2000,2,55,18.2
MedAuth,2000,2,56,18.2
MedAuth,2000,2,57,18.2
MedAuth,2000,2,58,18.2
MedAuth,2000,2,59,18.2
MedAuth,2000,2,60,18.2
MedAuth,2000,2,61,18.2
MedAuth,2000,2,62,18.2
MedAuth,2000,2,63,18.2
MedAuth,2000,2,64,18.2
MedAuth,2000,2,65,18.2
MedAuth,2000,2,66,18.2
MedAuth,2000,2,67,18.2
MedAuth,2000,2,68,18.2
MedAuth,2000,2,69,18.2
MedAuth,2000,2,70,18.2
MedAuth,2000,2,71,18.2
MedAuth,2000,2,72,18.2
MedAuth,2000,2,73,18.2
MedAuth,2000,2,74,18.2
MedAuth,2000,2,75,18.2
MedAuth,2000,2,76,18.2
MedAuth,2000,2,77,18.2
MedAuth,2000,2,78,18.2
MedAuth,2000,2,79,18.2
MedAuth,2000,2,80,18.2
MedAuth,2000,2,81,18.2
MedAuth,2000,2,82,18.2
MedAuth,2000,2,83,18.2
MedAuth,2000,2,84,18.2
MedAuth,2000,2,85,18.2
MedAuth,2000,2,86,18.2
MedAuth,2000,2,87,18.2
MedAuth,2000,2,88,18.2
MedAuth,2000,2,89,18.2
MedAuth,2000,2,90,18.2
MedAuth,2000,2,91,18.2
MedAuth,2000,2,92,18.2
MedAuth,2000,2,93,18.2
MedAuth,2000,2,94,18.2
MedAuth,2000,2,95,85.1
MedAuth,2000,2,96,85.2
MedAuth,2000,2,97,85.2
MedAuth,2000,2,98,85.2
MedAuth,2000,2,99,85.2
MedAuth,2000,2,100,85.2
MedAuth,2000,3,1,18
MedAuth,2000,3,2,18
MedAuth,2000,3,3,18
MedAuth,2000,3,4,18
MedAuth,2000,3,5,18
MedAuth,2000,3,6,18
MedAuth,2000,3,7,18
MedAuth,2000,3,8,18
MedAuth,2000,3,9,18
MedAuth,2000,3,10,18
MedAuth,2000,3,11,18
MedAuth,2000,3,12,18
MedAuth,2000,3,13,18
MedAuth,2000,3,14,18
MedAuth,2000,3,15,18
MedAuth,2000,3,16,18
MedAuth,2000,3,17,18
MedAuth,2000,3,18,18
MedAuth,2000,3,19,18
MedAuth,2000,3,20,18
MedAuth,2000,3,21,18
MedAuth,2000,3,22,18
MedAuth,2000,3,23,18
MedAuth,2000,3,24,18
MedAuth,2000,3,25,18
MedAuth,2000,3,26,18
MedAuth,2000,3,27,18
MedAuth,2000,3,28,18
MedAuth,2000,3,29,18
MedAuth,2000,3,30,18
MedAuth,2000,3,31,18
MedAuth,2000,3,32,18
MedAuth,2000,3,33,18
MedAuth,2000,3,34,18
MedAuth,2000,3,35,18
MedAuth,2000,3,36,18
MedAuth,2000,3,37,18
MedAuth,2000,3,38,18
MedAuth,2000,3,39,18
MedAuth,2000,3,40,18
MedAuth,2000,3,41,18
MedAuth,2000,3,42,18
MedAuth,2000,3,43,18
MedAuth,2000,3,44,18
MedAuth,2000,3,45,18
MedAuth,2000,3,46,18
MedAuth,2000,3,47,18
MedAuth,2000,3,48,18
MedAuth,2000,3,49,18
MedAuth,2000,3,50,18.2
MedAuth,2000,3,51,18.2
MedAuth,2000,3,52,18.2
MedAuth,2000,3,53,18.2
MedAuth,2000,3,54,18.2
MedAuth,2000,3,55,18.2
MedAuth,2000,3,56,18.2
MedAuth,2000,3,57,18.2
MedAuth,2000,3,58,18.2
MedAuth,2000,3,59,18.2
MedAuth,2000,3,60,18.2
MedAuth,2000,3,61,18.2
MedAuth,2000,3,62,18.2
MedAuth,2000,3,63,18.2
MedAuth,2000,3,64,18.2
MedAuth,2000,3,65,18.2
MedAuth,2000,3,66,18.2
MedAuth,2000,3,67,18.2
MedAuth,2000,3,68,18.2
MedAuth,2000,3,69,18.2
MedAuth,2000,3,70,18.2
MedAuth,2000,3,71,18.2
MedAuth,2000,3,72,18.2
MedAuth,2000,3,73,18.2
MedAuth,2000,3,74,18.2
MedAuth,2000,3,75,18.2
MedAuth,2000,3,76,18.2
MedAuth,2000,3,77,18.2
MedAuth,2000,3,78,18.2
MedAuth,2000,3,79,18.2
MedAuth,2000,3,80,18.2
MedAuth,2000,3,81,18.2
MedAuth,2000,3,82,18.2
MedAuth,2000,3,83,18.2
MedAuth,2000,3,84,18.2
MedAuth,2000,3,85,18.2
MedAuth,2000,3,86,18.2
MedAuth,2000,3,87,18.2
MedAuth,2000,3,88,18.2
MedAuth,2000,3,89,18.2
MedAuth,2000,3,90,18.2
MedAuth,2000,3,91,18.2
MedAuth,2000,3,92,18.2
MedAuth,2000,3,93,18.2
MedAuth,2000,3,94,18.2
MedAuth,2000,3,95,85.1
MedAuth,2000,3,96,85.2
MedAuth,2000,3,97,85.2
MedAuth,2000,3,98,85.2
MedAuth,2000,3,99,85.2
MedAuth,2000,3,100,85.2
MedAuth,5000,1,1,48.1
MedAuth,5000,1,2,48.1
MedAuth,5000,1,3,48.1
MedAuth,5000,1,4,48.1
MedAuth,5000,1,5,48.1
MedAuth,5000,1,6,48.1
MedAuth,5000,1,7,48.1
MedAuth,5000,1,8,48.1
MedAuth,5000,1,9,48.1
MedAuth,5000,1,10,48.1
MedAuth,5000,1,11,48.1
MedAuth,5000,1,12,48.1
MedAuth,5000,1,13,48.1
MedAuth,5000,1,14,48.1
MedAuth,5000,1,15,48.1
MedAuth,5000,1,16,48.1
MedAuth,5000,1,17,48.1
MedAuth,5000,1,18,48.1
MedAuth,5000,1,19,48.1
MedAuth,5000,1,20,48.1
MedAuth,5000,1,21,48.1
MedAuth,5000,1,22,48.1
MedAuth,5000,1,23,48.1
MedAuth,5000,1,24,48.1
MedAuth,5000,1,25,48.1
MedAuth,5000,1,26,48.1
MedAuth,5000,1,27,48.1
MedAuth,5000,1,28,48.1
MedAuth,5000,1,29,48.1
MedAuth,5000,1,30,48.1
MedAuth,5000,1,31,48.1
MedAuth,5000,1,32,48.1
MedAuth,5000,1,33,48.1
MedAuth,5000,1,34,48.1
MedAuth,5000,1,35,48.1
MedAuth,5000,1,36,48.1
MedAuth,5000,1,37,48.1
MedAuth,5000,1,38,48.1
MedAuth,5000,1,39,48.1
MedAuth,5000,1,40,48.1
MedAuth,5000,1,41,48.1
MedAuth,5000,1,42,48.1
MedAuth,5000,1,43,48.1
MedAuth,5000,1,44,48.1
MedAuth,5000,1,45,48.1
MedAuth,5000,1,46,48.1
MedAuth,5000,1,47,48.1
MedAuth,5000,1,48,48.1
MedAuth,5000,1,49,48.1
MedAuth,5000,1,50,48.3
MedAuth,5000,1,51,48.3
MedAuth,5000,1,52,48.3
MedAuth,5000,1,53,48.3
MedAuth,5000,1,54,48.3
MedAuth,5000,1,55,48.3
MedAuth,5000,1,56,48.3
MedAuth,5000,1,57,48.3
MedAuth,5000,1,58,48.3
MedAuth,5000,1,59,48.3
MedAuth,5000,1,60,48.3
MedAuth,5000,1,61,48.3
MedAuth,5000,1,62,48.3
MedAuth,5000,1,63,48.3
MedAuth,5000,1,64,48.3
MedAuth,5000,1,65,48.3
MedAuth,5000,1,66,48.3
MedAuth,5000,1,67,48.3
MedAuth,5000,1,68,48.3
MedAuth,5000,1,69,48.3
MedAuth,5000,1,70,48.3
MedAuth,5000,1,71,48.3
MedAuth,5000,1,72,48.3
MedAuth,5000,1,73,48.3
MedAuth,5000,1,74,48.3
MedAuth,5000,1,75,48.3
MedAuth,5000,1,76,48.3
MedAuth,5000,1,77,48.3
MedAuth,5000,1,78,48.3
MedAuth,5000,1,79,48.3
MedAuth,5000,1,80,48.3
MedAuth,5000,1,81,48.3
MedAuth,5000,1,82,48.3
MedAuth,5000,1,83,48.3
MedAuth,5000,1,84,48.3
MedAuth,5000,1,85,48.3
MedAuth,5000,1,86,48.3
MedAuth,5000,1,87,48.3
MedAuth,5000,1,88,48.3
MedAuth,5000,1,89,48.3
MedAuth,5000,1,90,48.3
MedAuth,5000,1,91,48.3
MedAuth,5000,1,92,48.3
MedAuth,5000,1,93,48.3
MedAuth,5000,1,94,48.3
MedAuth,5000,1,95,220
MedAuth,5000,1,96,220.1
MedAuth,5000,1,97,220.1
MedAuth,5000,1,98,220.1
MedAuth,5000,1,99,220.1
MedAuth,5000,1,100,220.1
MedAuth,5000,2,1,48.1
MedAuth,5000,2,2,48.1
MedAuth,5000,2,3,48.1
MedAuth,5000,2,4,48.1
MedAuth,5000,2,5,48.1
MedAuth,5000,2,6,48.1
MedAuth,5000,2,7,48.1
MedAuth,5000,2,8,48.1
MedAuth,5000,2,9,48.1
MedAuth,5000,2,10,48.1
MedAuth,5000,2,11,48.1
MedAuth,5000,2,12,48.1
MedAuth,5000,2,13,48.1
MedAuth,5000,2,14,48.1
MedAuth,5000,2,15,48.1
MedAuth,5000,2,16,48.1
MedAuth,5000,2,17,48.1
MedAuth,5000,2,18,48.1
MedAuth,5000,2,19,48.1
MedAuth,5000,2,20,48.1
MedAuth,5000,2,21,48.1
MedAuth,5000,2,22,48.1
MedAuth,5000,2,23,48.1
MedAuth,5000,2,24,48.1
MedAuth,5000,2,25,48.1
MedAuth,5000,2,26,48.1
MedAuth,5000,2,27,48.1
MedAuth,5000,2,28,48.1
MedAuth,5000,2,29,48.1
MedAuth,5000,2,30,48.1
MedAuth,5000,2,31,48.1
MedAuth,5000,2,32,48.1
MedAuth,5000,2,33,48.1
MedAuth,5000,2,34,48.1
MedAuth,5000,2,35,48.1
MedAuth,5000,2,36,48.1
MedAuth,5000,2,37,48.1
MedAuth,5000,2,38,48.1
MedAuth,5000,2,39,48.1
MedAuth,5000,2,40,48.1
MedAuth,5000,2,41,48.1
MedAuth,5000,2,42,48.1
MedAuth,5000,2,43,48.1
MedAuth,5000,2,44,48.1
MedAuth,5000,2,45,48.1
MedAuth,5000,2,46,48.1
MedAuth,5000,2,47,48.1
MedAuth,5000,2,48,48.1
MedAuth,5000,2,49,48.1
MedAuth,5000,2,50,48.3
MedAuth,5000,2,51,48.3
MedAuth,5000,2,52,48.3
MedAuth,5000,2,53,48.3
MedAuth,5000,2,54,48.3
MedAuth,5000,2,55,48.3
MedAuth,5000,2,56,48.3
MedAuth,5000,2,57,48.3
MedAuth,5000,2,58,48.3
MedAuth,5000,2,59,48.3
MedAuth,5000,2,60,48.3
MedAuth,5000,2,61,48.3
MedAuth,5000,2,62,48.3
MedAuth,5000,2,63,48.3
MedAuth,5000,2,64,48.3
MedAuth,5000,2,65,48.3
MedAuth,5000,2,66,48.3
MedAuth,5000,2,67,48.3
MedAuth,5000,2,68,48.3
MedAuth,5000,2,69,48.3
MedAuth,5000,2,70,48.3
MedAuth,5000,2,71,48.3
MedAuth,5000,2,72,48.3
MedAuth,5000,2,73,48.3
MedAuth,5000,2,74,48.3
MedAuth,5000,2,75,48.3
MedAuth,5000,2,76,48.3
MedAuth,5000,2,77,48.3
MedAuth,5000,2,78,48.3
MedAuth,5000,2,79,48.3
MedAuth,5000,2,80,48.3
MedAuth,5000,2,81,48.3
MedAuth,5000,2,82,48.3
MedAuth,5000,2,83,48.3
MedAuth,5000,2,84,48.3
MedAuth,5000,2,85,48.3
MedAuth,5000,2,86,48.3
MedAuth,5000,2,87,48.3
MedAuth,5000,2,88,48.3
MedAuth,5000,2,89,48.3
MedAuth,5000,2,90,48.3
MedAuth,5000,2,91,48.3
MedAuth,5000,2,92,48.3
MedAuth,5000,2,93,48.3
MedAuth,5000,2,94,48.3
MedAuth,5000,2,95,220
MedAuth,5000,2,96,220.1
MedAuth,5000,2,97,220.1
MedAuth,5000,2,98,220.1
MedAuth,5000,2,99,220.1
MedAuth,5000,2,100,220.1
MedAuth,5000,3,1,48.1
MedAuth,5000,3,2,48.1
MedAuth,5000,3,3,48.1
MedAuth,5000,3,4,48.1
MedAuth,5000,3,5,48.1
MedAuth,5000,3,6,48.1
MedAuth,5000,3,7,48.1
MedAuth,5000,3,8,48.1
MedAuth,5000,3,9,48.1
MedAuth,5000,3,10,48.1
MedAuth,5000,3,11,48.1
MedAuth,5000,3,12,48.1
MedAuth,5000,3,13,48.1
MedAuth,5000,3,14,48.1
MedAuth,5000,3,15,48.1
MedAuth,5000,3,16,48.1
MedAuth,5000,3,17,48.1
MedAuth,5000,3,18,48.1
MedAuth,5000,3,19,48.1
MedAuth,5000,3,20,48.1
MedAuth,5000,3,21,48.1
MedAuth,5000,3,22,48.1
MedAuth,5000,3,23,48.1
MedAuth,5000,3,24,48.1
MedAuth,5000,3,25,48.1
MedAuth,5000,3,26,48.1
MedAuth,5000,3,27,48.1
MedAuth,5000,3,28,48.1
MedAuth,5000,3,29,48.1
MedAuth,5000,3,30,48.1
MedAuth,5000,3,31,48.1
MedAuth,5000,3,32,48.1
MedAuth,5000,3,33,48.1
MedAuth,5000,3,34,48.1
MedAuth,5000,3,35,48.1
MedAuth,5000,3,36,48.1
MedAuth,5000,3,37,48.1
MedAuth,5000,3,38,48.1
MedAuth,5000,3,39,48.1
MedAuth,5000,3,40,48.1
MedAuth,5000,3,41,48.1
MedAuth,5000,3,42,48.1
MedAuth,5000,3,43,48.1
MedAuth,5000,3,44,48.1
MedAuth,5000,3,45,48.1
MedAuth,5000,3,46,48.1
MedAuth,5000,3,47,48.1
MedAuth,5000,3,48,48.1
MedAuth,5000,3,49,48.1
MedAuth,5000,3,50,48.3
MedAuth,5000,3,51,48.3
MedAuth,5000,3,52,48.3
MedAuth,5000,3,53,48.3
MedAuth,5000,3,54,48.3
MedAuth,5000,3,55,48.3
MedAuth,5000,3,56,48.3
MedAuth,5000,3,57,48.3
MedAuth,5000,3,58,48.3
MedAuth,5000,3,59,48.3
MedAuth,5000,3,60,48.3
MedAuth,5000,3,61,48.3
MedAuth,5000,3,62,48.3
MedAuth,5000,3,63,48.3
MedAuth,5000,3,64,48.3
MedAuth,5000,3,65,48.3
MedAuth,5000,3,66,48.3
MedAuth,5000,3,67,48.3
MedAuth,5000,3,68,48.3
MedAuth,5000,3,69,48.3
MedAuth,5000,3,70,48.3
MedAuth,5000,3,71,48.3
MedAuth,5000,3,72,48.3
MedAuth,5000,3,73,48.3
MedAuth,5000,3,74,48.3
MedAuth,5000,3,75,48.3
MedAuth,5000,3,76,48.3
MedAuth,5000,3,77,48.3
MedAuth,5000,3,78,48.3
MedAuth,5000,3,79,48.3
MedAuth,5000,3,80,48.3
MedAuth,5000,3,81,48.3
MedAuth,5000,3,82,48.3
MedAuth,5000,3,83,48.3
MedAuth,5000,3,84,48.3
MedAuth,5000,3,85,48.3
MedAuth,5000,3,86,48.3
MedAuth,5000,3,87,48.3
MedAuth,5000,3,88,48.3
MedAuth,5000,3,89,48.3
MedAuth,5000,3,90,48.3
MedAuth,5000,3,91,48.3
MedAuth,5000,3,92,48.3
MedAuth,5000,3,93,48.3
MedAuth,5000,3,94,48.3
MedAuth,5000,3,95,220
MedAuth,5000,3,96,220.1
MedAuth,5000,3,97,220.1
MedAuth,5000,3,98,220.1
MedAuth,5000,3,99,220.1
MedAuth,5000,3,100,220.1
MedAuth,10000,1,1,124.8
MedAuth,10000,1,2,124.8
MedAuth,10000,1,3,124.8
MedAuth,10000,1,4,124.8
MedAuth,10000,1,5,124.8
MedAuth,10000,1,6,124.8
MedAuth,10000,1,7,124.8
MedAuth,10000,1,8,124.8
MedAuth,10000,1,9,124.8
MedAuth,10000,1,10,124.8
MedAuth,10000,1,11,124.8
MedAuth,10000,1,12,124.8
MedAuth,10000,1,13,124.8
MedAuth,10000,1,14,124.8
MedAuth,10000,1,15,124.8
MedAuth,10000,1,16,124.8
MedAuth,10000,1,17,124.8
MedAuth,10000,1,18,124.8
MedAuth,10000,1,19,124.8
MedAuth,10000,1,20,124.8
MedAuth,10000,1,21,124.8
MedAuth,10000,1,22,124.8
MedAuth,10000,1,23,124.8
MedAuth,10000,1,24,124.8
MedAuth,10000,1,25,124.8
MedAuth,10000,1,26,124.8
MedAuth,10000,1,27,124.8
MedAuth,10000,1,28,124.8
MedAuth,10000,1,29,124.8
MedAuth,10000,1,30,124.8
MedAuth,10000,1,31,124.8
MedAuth,10000,1,32,124.8
MedAuth,10000,1,33,124.8
MedAuth,10000,1,34,124.8
MedAuth,10000,1,35,124.8
MedAuth,10000,1,36,124.8
MedAuth,10000,1,37,124.8
MedAuth,10000,1,38,124.8
MedAuth,10000,1,39,124.8
MedAuth,10000,1,40,124.8
MedAuth,10000,1,41,124.8
MedAuth,10000,1,42,124.8
MedAuth,10000,1,43,124.8
MedAuth,10000,1,44,124.8
MedAuth,10000,1,45,124.8
MedAuth,10000,1,46,124.8
MedAuth,10000,1,47,124.8
MedAuth,10000,1,48,124.8
MedAuth,10000,1,49,124.8
MedAuth,10000,1,50,125
MedAuth,10000,1,51,125
MedAuth,10000,1,52,125
MedAuth,10000,1,53,125
MedAuth,10000,1,54,125
MedAuth,10000,1,55,125
MedAuth,10000,1,56,125
MedAuth,10000,1,57,125
MedAuth,10000,1,58,125
MedAuth,10000,1,59,125
MedAuth,10000,1,60,125
MedAuth,10000,1,61,125
MedAuth,10000,1,62,125
MedAuth,10000,1,63,125
MedAuth,10000,1,64,125
MedAuth,10000,1,65,125
MedAuth,10000,1,66,125
MedAuth,10000,1,67,125
MedAuth,10000,1,68,125
MedAuth,10000,1,69,125
MedAuth,10000,1,70,125
MedAuth,10000,1,71,125
MedAuth,10000,1,72,125
MedAuth,10000,1,73,125
MedAuth,10000,1,74,125
MedAuth,10000,1,75,125
MedAuth,10000,1,76,125
MedAuth,10000,1,77,125
MedAuth,10000,1,78,125
MedAuth,10000,1,79,125
MedAuth,10000,1,80,125
MedAuth,10000,1,81,125
MedAuth,10000,1,82,125
MedAuth,10000,1,83,125
MedAuth,10000,1,84,125
MedAuth,10000,1,85,125
MedAuth,10000,1,86,125
MedAuth,10000,1,87,125
MedAuth,10000,1,88,125
MedAuth,10000,1,89,125
MedAuth,10000,1,90,125
MedAuth,10000,1,91,125
MedAuth,10000,1,92,125
MedAuth,10000,1,93,125
MedAuth,10000,1,94,125
MedAuth,10000,1,95,450
MedAuth,10000,1,96,450.1
MedAuth,10000,1,97,450.1
MedAuth,10000,1,98,450.1
MedAuth,10000,1,99,450.1
MedAuth,10000,1,100,450.1
MedAuth,10000,2,1,124.8
MedAuth,10000,2,2,124.8
MedAuth,10000,2,3,124.8
MedAuth,10000,2,4,124.8
MedAuth,10000,2,5,124.8
MedAuth,10000,2,6,124.8
MedAuth,10000,2,7,124.8
MedAuth,10000,2,8,124.8
MedAuth,10000,2,9,124.8
MedAuth,10000,2,10,124.8
MedAuth,10000,2,11,124.8
MedAuth,10000,2,12,124.8
MedAuth,10000,2,13,124.8
MedAuth,10000,2,14,124.8
MedAuth,10000,2,15,124.8
MedAuth,10000,2,16,124.8
MedAuth,10000,2,17,124.8
MedAuth,10000,2,18,124.8
MedAuth,10000,2,19,124.8
MedAuth,10000,2,20,124.8
MedAuth,10000,2,21,124.8
MedAuth,10000,2,22,124.8
MedAuth,10000,2,23,124.8
MedAuth,10000,2,24,124.8
MedAuth,10000,2,25,124.8
MedAuth,10000,2,26,124.8
MedAuth,10000,2,27,124.8
MedAuth,10000,2,28,124.8
MedAuth,10000,2,29,124.8
MedAuth,10000,2,30,124.8
MedAuth,10000,2,31,124.8
MedAuth,10000,2,32,124.8
MedAuth,10000,2,33,124.8
MedAuth,10000,2,34,124.8
MedAuth,10000,2,35,124.8
MedAuth,10000,2,36,124.8
MedAuth,10000,2,37,124.8
MedAuth,10000,2,38,124.8
MedAuth,10000,2,39,124.8
MedAuth,10000,2,40,124.8
MedAuth,10000,2,41,124.8
MedAuth,10000,2,42,124.8
MedAuth,10000,2,43,124.8
MedAuth,10000,2,44,124.8
MedAuth,10000,2,45,124.8
MedAuth,10000,2,46,124.8
MedAuth,10000,2,47,124.8
MedAuth,10000,2,48,124.8
MedAuth,10000,2,49,124.8
MedAuth,10000,2,50,125
MedAuth,10000,2,51,125
MedAuth,10000,2,52,125
MedAuth,10000,2,53,125
MedAuth,10000,2,54,125
MedAuth,10000,2,55,125
MedAuth,10000,2,56,125
MedAuth,10000,2,57,125
MedAuth,10000,2,58,125
MedAuth,10000,2,59,125
MedAuth,10000,2,60,125
MedAuth,10000,2,61,125
MedAuth,10000,2,62,125
MedAuth,10000,2,63,125
MedAuth,10000,2,64,125
MedAuth,10000,2,65,125
MedAuth,10000,2,66,125
MedAuth,10000,2,67,125
MedAuth,10000,2,68,125
MedAuth,10000,2,69,125
MedAuth,10000,2,70,125
MedAuth,10000,2,71,125
MedAuth,10000,2,72,125
MedAuth,10000,2,73,125
MedAuth,10000,2,74,125
MedAuth,10000,2,75,125
MedAuth,10000,2,76,125
MedAuth,10000,2,77,125
MedAuth,10000,2,78,125
MedAuth,10000,2,79,125
MedAuth,10000,2,80,125
MedAuth,10000,2,81,125
MedAuth,10000,2,82,125
MedAuth,10000,2,83,125
MedAuth,10000,2,84,125
MedAuth,10000,2,85,125
MedAuth,10000,2,86,125
MedAuth,10000,2,87,125
MedAuth,10000,2,88,125
MedAuth,10000,2,89,125
MedAuth,10000,2,90,125
MedAuth,10000,2,91,125
MedAuth,10000,2,92,125
MedAuth,10000,2,93,125
MedAuth,10000,2,94,125
MedAuth,10000,2,95,450
MedAuth,10000,2,96,450.1
MedAuth,10000,2,97,450.1
MedAuth,10000,2,98,450.1
MedAuth,10000,2,99,450.1
MedAuth,10000,2,100,450.1
MedAuth,10000,3,1,124.8
MedAuth,10000,3,2,124.8
MedAuth,10000,3,3,124.8
MedAuth,10000,3,4,124.8
MedAuth,10000,3,5,124.8
MedAuth,10000,3,6,124.8
MedAuth,10000,3,7,124.8
MedAuth,10000,3,8,124.8
MedAuth,10000,3,9,124.8
MedAuth,10000,3,10,124.8
MedAuth,10000,3,11,124.8
MedAuth,10000,3,12,124.8
MedAuth,10000,3,13,124.8
MedAuth,10000,3,14,124.8
MedAuth,10000,3,15,124.8
MedAuth,10000,3,16,124.8
MedAuth,10000,3,17,124.8
MedAuth,10000,3,18,124.8
MedAuth,10000,3,19,124.8
MedAuth,10000,3,20,124.8
MedAuth,10000,3,21,124.8
MedAuth,10000,3,22,124.8
MedAuth,10000,3,23,124.8
MedAuth,10000,3,24,124.8
MedAuth,10000,3,25,124.8
MedAuth,10000,3,26,124.8
MedAuth,10000,3,27,124.8
MedAuth,10000,3,28,124.8
MedAuth,10000,3,29,124.8
MedAuth,10000,3,30,124.8
MedAuth,10000,3,31,124.8
MedAuth,10000,3,32,124.8
MedAuth,10000,3,33,124.8
MedAuth,10000,3,34,124.8
MedAuth,10000,3,35,124.8
MedAuth,10000,3,36,124.8
MedAuth,10000,3,37,124.8
MedAuth,10000,3,38,124.8
MedAuth,10000,3,39,124.8
MedAuth,10000,3,40,124.8
MedAuth,10000,3,41,124.8
MedAuth,10000,3,42,124.8
MedAuth,10000,3,43,124.8
MedAuth,10000,3,44,124.8
MedAuth,10000,3,45,124.8
MedAuth,10000,3,46,124.8
MedAuth,10000,3,47,124.8
MedAuth,10000,3,48,124.8
MedAuth,10000,3,49,124.8
MedAuth,10000,3,50,125
MedAuth,10000,3,51,125
MedAuth,10000,3,52,125
MedAuth,10000,3,53,125
MedAuth,10000,3,54,125
MedAuth,10000,3,55,125
MedAuth,10000,3,56,125
MedAuth,10000,3,57,125
MedAuth,10000,3,58,125
MedAuth,10000,3,59,125
MedAuth,10000,3,60,125
MedAuth,10000,3,61,125
MedAuth,10000,3,62,125
MedAuth,10000,3,63,125
MedAuth,10000,3,64,125
MedAuth,10000,3,65,125
MedAuth,10000,3,66,125
MedAuth,10000,3,67,125
MedAuth,10000,3,68,125
MedAuth,10000,3,69,125
MedAuth,10000,3,70,125
MedAuth,10000,3,71,125
MedAuth,10000,3,72,125
MedAuth,10000,3,73,125
MedAuth,10000,3,74,125
MedAuth,10000,3,75,125
MedAuth,10000,3,76,125
MedAuth,10000,3,77,125
MedAuth,10000,3,78,125
MedAuth,10000,3,79,125
MedAuth,10000,3,80,125
MedAuth,10000,3,81,125
MedAuth,10000,3,82,125
MedAuth,10000,3,83,125
MedAuth,10000,3,84,125
MedAuth,10000,3,85,125
MedAuth,10000,3,86,125
MedAuth,10000,3,87,125
MedAuth,10000,3,88,125
MedAuth,10000,3,89,125
MedAuth,10000,3,90,125
MedAuth,10000,3,91,125
MedAuth,10000,3,92,125
MedAuth,10000,3,93,125
MedAuth,10000,3,94,125
MedAuth,10000,3,95,450
MedAuth,10000,3,96,450.1
MedAuth,10000,3,97,450.1
MedAuth,10000,3,98,450.1
MedAuth,10000,3,99,450.1
MedAuth,10000,3,100,450.1
PLAKA-MD,10,1,1,4
PLAKA-MD,10,1,2,4
PLAKA-MD,10,1,3,4
PLAKA-MD,10,1,4,4
PLAKA-MD,10,1,5,4
PLAKA-MD,10,1,6,4
PLAKA-MD,10,1,7,4
PLAKA-MD,10,1,8,4
PLAKA-MD,10,1,9,4
PLAKA-MD,10,1,10,4
PLAKA-MD,10,1,11,4
PLAKA-MD,10,1,12,4
PLAKA-MD,10,1,13,4
PLAKA-MD,10,1,14,4
PLAKA-MD,10,1,15,4
PLAKA-MD,10,1,16,4
PLAKA-MD,10,1,17,4
PLAKA-MD,10,1,18,4
PLAKA-MD,10,1,19,4
PLAKA-MD,10,1,20,4
PLAKA-MD,10,1,21,4
PLAKA-MD,10,1,22,4
PLAKA-MD,10,1,23,4
PLAKA-MD,10,1,24,4
PLAKA-MD,10,1,25,4
PLAKA-MD,10,1,26,4
PLAKA-MD,10,1,27,4
PLAKA-MD,10,1,28,4
PLAKA-MD,10,1,29,4
PLAKA-MD,10,1,30,4
PLAKA-MD,10,1,31,4
PLAKA-MD,10,1,32,4
PLAKA-MD,10,1,33,4
PLAKA-MD,10,1,34,4
PLAKA-MD,10,1,35,4
PLAKA-MD,10,1,36,4
PLAKA-MD,10,1,37,4
PLAKA-MD,10,1,38,4
PLAKA-MD,10,1,39,4
PLAKA-MD,10,1,40,4
PLAKA-MD,10,1,41,4
PLAKA-MD,10,1,42,4
PLAKA-MD,10,1,43,4
PLAKA-MD,10,1,44,4
PLAKA-MD,10,1,45,4
PLAKA-MD,10,1,46,4
PLAKA-MD,10,1,47,4
PLAKA-MD,10,1,48,4
PLAKA-MD,10,1,49,4
PLAKA-MD,10,1,50,4.2
PLAKA-MD,10,1,51,4.2
PLAKA-MD,10,1,52,4.2
PLAKA-MD,10,1,53,4.2
PLAKA-MD,10,1,54,4.2
PLAKA-MD,10,1,55,4.2
PLAKA-MD,10,1,56,4.2
PLAKA-MD,10,1,57,4.2
PLAKA-MD,10,1,58,4.2
PLAKA-MD,10,1,59,4.2
PLAKA-MD,10,1,60,4.2
PLAKA-MD,10,1,61,4.2
PLAKA-MD,10,1,62,4.2
PLAKA-MD,10,1,63,4.2
PLAKA-MD,10,1,64,4.2
PLAKA-MD,10,1,65,4.2
PLAKA-MD,10,1,66,4.2
PLAKA-MD,10,1,67,4.2
PLAKA-MD,10,1,68,4.2
PLAKA-MD,10,1,69,4.2
PLAKA-MD,10,1,70,4.2
PLAKA-MD,10,1,71,4.2
PLAKA-MD,10,1,72,4.2
PLAKA-MD,10,1,73,4.2
PLAKA-MD,10,1,74,4.2
PLAKA-MD,10,1,75,4.2
PLAKA-MD,10,1,76,4.2
PLAKA-MD,10,1,77,4.2
PLAKA-MD,10,1,78,4.2
PLAKA-MD,10,1,79,4.2
PLAKA-MD,10,1,80,4.2
PLAKA-MD,10,1,81,4.2
PLAKA-MD,10,1,82,4.2
PLAKA-MD,10,1,83,4.2
PLAKA-MD,10,1,84,4.2
PLAKA-MD,10,1,85,4.2
PLAKA-MD,10,1,86,4.2
PLAKA-MD,10,1,87,4.2
PLAKA-MD,10,1,88,4.2
PLAKA-MD,10,1,89,4.2
PLAKA-MD,10,1,90,4.2
PLAKA-MD,10,1,91,4.2
PLAKA-MD,10,1,92,4.2
PLAKA-MD,10,1,93,4.2
PLAKA-MD,10,1,94,4.2
PLAKA-MD,10,1,95,6.5
PLAKA-MD,10,1,96,6.6
PLAKA-MD,10,1,97,6.6
PLAKA-MD,10,1,98,6.6
PLAKA-MD,10,1,99,6.6
PLAKA-MD,10,1,100,6.6
PLAKA-MD,10,2,1,4
PLAKA-MD,10,2,2,4
PLAKA-MD,10,2,3,4
PLAKA-MD,10,2,4,4
PLAKA-MD,10,2,5,4
PLAKA-MD,10,2,6,4
PLAKA-MD,10,2,7,4
PLAKA-MD,10,2,8,4
PLAKA-MD,10,2,9,4
PLAKA-MD,10,2,10,4
PLAKA-MD,10,2,11,4
PLAKA-MD,10,2,12,4
PLAKA-MD,10,2,13,4
PLAKA-MD,10,2,14,4
PLAKA-MD,10,2,15,4
PLAKA-MD,10,2,16,4
PLAKA-MD,10,2,17,4
PLAKA-MD,10,2,18,4
PLAKA-MD,10,2,19,4
PLAKA-MD,10,2,20,4
PLAKA-MD,10,2,21,4
PLAKA-MD,10,2,22,4
PLAKA-MD,10,2,23,4
PLAKA-MD,10,2,24,4
PLAKA-MD,10,2,25,4
PLAKA-MD,10,2,26,4
PLAKA-MD,10,2,27,4
PLAKA-MD,10,2,28,4
PLAKA-MD,10,2,29,4
PLAKA-MD,10,2,30,4
PLAKA-MD,10,2,31,4
PLAKA-MD,10,2,32,4
PLAKA-MD,10,2,33,4
PLAKA-MD,10,2,34,4
PLAKA-MD,10,2,35,4
PLAKA-MD,10,2,36,4
PLAKA-MD,10,2,37,4
PLAKA-MD,10,2,38,4
PLAKA-MD,10,2,39,4
PLAKA-MD,10,2,40,4
PLAKA-MD,10,2,41,4
PLAKA-MD,10,2,42,4
PLAKA-MD,10,2,43,4
PLAKA-MD,10,2,44,4
PLAKA-MD,10,2,45,4
PLAKA-MD,10,2,46,4
PLAKA-MD,10,2,47,4
PLAKA-MD,10,2,48,4
PLAKA-MD,10,2,49,4
PLAKA-MD,10,2,50,4.2
PLAKA-MD,10,2,51,4.2
PLAKA-MD,10,2,52,4.2
PLAKA-MD,10,2,53,4.2
PLAKA-MD,10,2,54,4.2
PLAKA-MD,10,2,55,4.2
PLAKA-MD,10,2,56,4.2
PLAKA-MD,10,2,57,4.2
PLAKA-MD,10,2,58,4.2
PLAKA-MD,10,2,59,4.2
PLAKA-MD,10,2,60,4.2
PLAKA-MD,10,2,61,4.2
PLAKA-MD,10,2,62,4.2
PLAKA-MD,10,2,63,4.2
PLAKA-MD,10,2,64,4.2
PLAKA-MD,10,2,65,4.2
PLAKA-MD,10,2,66,4.2
PLAKA-MD,10,2,67,4.2
PLAKA-MD,10,2,68,4.2
PLAKA-MD,10,2,69,4.2
PLAKA-MD,10,2,70,4.2
PLAKA-MD,10,2,71,4.2
PLAKA-MD,10,2,72,4.2
PLAKA-MD,10,2,73,4.2
PLAKA-MD,10,2,74,4.2
PLAKA-MD,10,2,75,4.2
PLAKA-MD,10,2,76,4.2
PLAKA-MD,10,2,77,4.2
PLAKA-MD,10,2,78,4.2
PLAKA-MD,10,2,79,4.2
PLAKA-MD,10,2,80,4.2
PLAKA-MD,10,2,81,4.2
PLAKA-MD,10,2,82,4.2
PLAKA-MD,10,2,83,4.2
PLAKA-MD,10,2,84,4.2
PLAKA-MD,10,2,85,4.2
PLAKA-MD,10,2,86,4.2
PLAKA-MD,10,2,87,4.2
PLAKA-MD,10,2,88,4.2
PLAKA-MD,10,2,89,4.2
PLAKA-MD,10,2,90,4.2
PLAKA-MD,10,2,91,4.2
PLAKA-MD,10,2,92,4.2
PLAKA-MD,10,2,93,4.2
PLAKA-MD,10,2,94,4.2
PLAKA-MD,10,2,95,6.5
PLAKA-MD,10,2,96,6.6
PLAKA-MD,10,2,97,6.6
PLAKA-MD,10,2,98,6.6
PLAKA-MD,10,2,99,6.6
PLAKA-MD,10,2,100,6.6
PLAKA-MD,10,3,1,4
PLAKA-MD,10,3,2,4
PLAKA-MD,10,3,3,4
PLAKA-MD,10,3,4,4
PLAKA-MD,10,3,5,4
PLAKA-MD,10,3,6,4
PLAKA-MD,10,3,7,4
PLAKA-MD,10,3,8,4
PLAKA-MD,10,3,9,4
PLAKA-MD,10,3,10,4
PLAKA-MD,10,3,11,4
PLAKA-MD,10,3,12,4
PLAKA-MD,10,3,13,4
PLAKA-MD,10,3,14,4
PLAKA-MD,10,3,15,4
PLAKA-MD,10,3,16,4
PLAKA-MD,10,3,17,4
PLAKA-MD,10,3,18,4
PLAKA-MD,10,3,19,4
PLAKA-MD,10,3,20,4
PLAKA-MD,10,3,21,4
PLAKA-MD,10,3,22,4
PLAKA-MD,10,3,23,4
PLAKA-MD,10,3,24,4
PLAKA-MD,10,3,25,4
PLAKA-MD,10,3,26,4
PLAKA-MD,10,3,27,4
PLAKA-MD,10,3,28,4
PLAKA-MD,10,3,29,4
PLAKA-MD,10,3,30,4
PLAKA-MD,10,3,31,4
PLAKA-MD,10,3,32,4
PLAKA-MD,10,3,33,4
PLAKA-MD,10,3,34,4
PLAKA-MD,10,3,35,4
PLAKA-MD,10,3,36,4
PLAKA-MD,10,3,37,4
PLAKA-MD,10,3,38,4
PLAKA-MD,10,3,39,4
PLAKA-MD,10,3,40,4
PLAKA-MD,10,3,41,4
PLAKA-MD,10,3,42,4
PLAKA-MD,10,3,43,4
PLAKA-MD,10,3,44,4
PLAKA-MD,10,3,45,4
PLAKA-MD,10,3,46,4
PLAKA-MD,10,3,47,4
PLAKA-MD,10,3,48,4
PLAKA-MD,10,3,49,4
PLAKA-MD,10,3,50,4.2
PLAKA-MD,10,3,51,4.2
PLAKA-MD,10,3,52,4.2
PLAKA-MD,10,3,53,4.2
PLAKA-MD,10,3,54,4.2
PLAKA-MD,10,3,55,4.2
PLAKA-MD,10,3,56,4.2
PLAKA-MD,10,3,57,4.2
PLAKA-MD,10,3,58,4.2
PLAKA-MD,10,3,59,4.2
PLAKA-MD,10,3,60,4.2
PLAKA-MD,10,3,61,4.2
PLAKA-MD,10,3,62,4.2
PLAKA-MD,10,3,63,4.2
PLAKA-MD,10,3,64,4.2
PLAKA-MD,10,3,65,4.2
PLAKA-MD,10,3,66,4.2
PLAKA-MD,10,3,67,4.2
PLAKA-MD,10,3,68,4.2
PLAKA-MD,10,3,69,4.2
PLAKA-MD,10,3,70,4.2
PLAKA-MD,10,3,71,4.2
PLAKA-MD,10,3,72,4.2
PLAKA-MD,10,3,73,4.2
PLAKA-MD,10,3,74,4.2
PLAKA-MD,10,3,75,4.2
PLAKA-MD,10,3,76,4.2
PLAKA-MD,10,3,77,4.2
PLAKA-MD,10,3,78,4.2
PLAKA-MD,10,3,79,4.2
PLAKA-MD,10,3,80,4.2
PLAKA-MD,10,3,81,4.2
PLAKA-MD,10,3,82,4.2
PLAKA-MD,10,3,83,4.2
PLAKA-MD,10,3,84,4.2
PLAKA-MD,10,3,85,4.2
PLAKA-MD,10,3,86,4.2
PLAKA-MD,10,3,87,4.2
PLAKA-MD,10,3,88,4.2
PLAKA-MD,10,3,89,4.2
PLAKA-MD,10,3,90,4.2
PLAKA-MD,10,3,91,4.2
PLAKA-MD,10,3,92,4.2
PLAKA-MD,10,3,93,4.2
PLAKA-MD,10,3,94,4.2
PLAKA-MD,10,3,95,6.5
PLAKA-MD,10,3,96,6.6
PLAKA-MD,10,3,97,6.6
PLAKA-MD,10,3,98,6.6
PLAKA-MD,10,3,99,6.6
PLAKA-MD,10,3,100,6.6
PLAKA-MD,100,1,1,4.6
PLAKA-MD,100,1,2,4.6
PLAKA-MD,100,1,3,4.6
PLAKA-MD,100,1,4,4.6
PLAKA-MD,100,1,5,4.6
PLAKA-MD,100,1,6,4.6
PLAKA-MD,100,1,7,4.6
PLAKA-MD,100,1,8,4.6
PLAKA-MD,100,1,9,4.6
PLAKA-MD,100,1,10,4.6
PLAKA-MD,100,1,11,4.6
PLAKA-MD,100,1,12,4.6
PLAKA-MD,100,1,13,4.6
PLAKA-MD,100,1,14,4.6
PLAKA-MD,100,1,15,4.6
PLAKA-MD,100,1,16,4.6
PLAKA-MD,100,1,17,4.6
PLAKA-MD,100,1,18,4.6
PLAKA-MD,100,1,19,4.6
PLAKA-MD,100,1,20,4.6
PLAKA-MD,100,1,21,4.6
PLAKA-MD,100,1,22,4.6
PLAKA-MD,100,1,23,4.6
PLAKA-MD,100,1,24,4.6
PLAKA-MD,100,1,25,4.6
PLAKA-MD,100,1,26,4.6
PLAKA-MD,100,1,27,4.6
PLAKA-MD,100,1,28,4.6
PLAKA-MD,100,1,29,4.6
PLAKA-MD,100,1,30,4.6
PLAKA-MD,100,1,31,4.6
PLAKA-MD,100,1,32,4.6
PLAKA-MD,100,1,33,4.6
PLAKA-MD,100,1,34,4.6
PLAKA-MD,100,1,35,4.6
PLAKA-MD,100,1,36,4.6
PLAKA-MD,100,1,37,4.6
PLAKA-MD,100,1,38,4.6
PLAKA-MD,100,1,39,4.6
PLAKA-MD,100,1,40,4.6
PLAKA-MD,100,1,41,4.6
PLAKA-MD,100,1,42,4.6
PLAKA-MD,100,1,43,4.6
PLAKA-MD,100,1,44,4.6
PLAKA-MD,100,1,45,4.6
PLAKA-MD,100,1,46,4.6
PLAKA-MD,100,1,47,4.6
PLAKA-MD,100,1,48,4.6
PLAKA-MD,100,1,49,4.6
PLAKA-MD,100,1,50,4.8
PLAKA-MD,100,1,51,4.8
PLAKA-MD,100,1,52,4.8
PLAKA-MD,100,1,53,4.8
PLAKA-MD,100,1,54,4.8
PLAKA-MD,100,1,55,4.8
PLAKA-MD,100,1,56,4.8
PLAKA-MD,100,1,57,4.8
PLAKA-MD,100,1,58,4.8
PLAKA-MD,100,1,59,4.8
PLAKA-MD,100,1,60,4.8
PLAKA-MD,100,1,61,4.8
PLAKA-MD,100,1,62,4.8
PLAKA-MD,100,1,63,4.8
PLAKA-MD,100,1,64,4.8
PLAKA-MD,100,1,65,4.8
PLAKA-MD,100,1,66,4.8
PLAKA-MD,100,1,67,4.8
PLAKA-MD,100,1,68,4.8
PLAKA-MD,100,1,69,4.8
PLAKA-MD,100,1,70,4.8
PLAKA-MD,100,1,71,4.8
PLAKA-MD,100,1,72,4.8
PLAKA-MD,100,1,73,4.8
PLAKA-MD,100,1,74,4.8
PLAKA-MD,100,1,75,4.8
PLAKA-MD,100,1,76,4.8
PLAKA-MD,100,1,77,4.8
PLAKA-MD,100,1,78,4.8
PLAKA-MD,100,1,79,4.8
PLAKA-MD,100,1,80,4.8
PLAKA-MD,100,1,81,4.8
PLAKA-MD,100,1,82,4.8
PLAKA-MD,100,1,83,4.8
PLAKA-MD,100,1,84,4.8
PLAKA-MD,100,1,85,4.8
PLAKA-MD,100,1,86,4.8
PLAKA-MD,100,1,87,4.8
PLAKA-MD,100,1,88,4.8
PLAKA-MD,100,1,89,4.8
PLAKA-MD,100,1,90,4.8
PLAKA-MD,100,1,91,4.8
PLAKA-MD,100,1,92,4.8
PLAKA-MD,100,1,93,4.8
PLAKA-MD,100,1,94,4.8
PLAKA-MD,100,1,95,7.2
PLAKA-MD,100,1,96,7.3
PLAKA-MD,100,1,97,7.3
PLAKA-MD,100,1,98,7.3
PLAKA-MD,100,1,99,7.3
PLAKA-MD,100,1,100,7.3
PLAKA-MD,100,2,1,4.6
PLAKA-MD,100,2,2,4.6
PLAKA-MD,100,2,3,4.6
PLAKA-MD,100,2,4,4.6
PLAKA-MD,100,2,5,4.6
PLAKA-MD,100,2,6,4.6
PLAKA-MD,100,2,7,4.6
PLAKA-MD,100,2,8,4.6
PLAKA-MD,100,2,9,4.6
PLAKA-MD,100,2,10,4.6
PLAKA-MD,100,2,11,4.6
PLAKA-MD,100,2,12,4.6
PLAKA-MD,100,2,13,4.6
PLAKA-MD,100,2,14,4.6
PLAKA-MD,100,2,15,4.6
PLAKA-MD,100,2,16,4.6
PLAKA-MD,100,2,17,4.6
PLAKA-MD,100,2,18,4.6
PLAKA-MD,100,2,19,4.6
PLAKA-MD,100,2,20,4.6
PLAKA-MD,100,2,21,4.6
PLAKA-MD,100,2,22,4.6
PLAKA-MD,100,2,23,4.6
PLAKA-MD,100,2,24,4.6
PLAKA-MD,100,2,25,4.6
PLAKA-MD,100,2,26,4.6
PLAKA-MD,100,2,27,4.6
PLAKA-MD,100,2,28,4.6
PLAKA-MD,100,2,29,4.6
PLAKA-MD,100,2,30,4.6
PLAKA-MD,100,2,31,4.6
PLAKA-MD,100,2,32,4.6
PLAKA-MD,100,2,33,4.6
PLAKA-MD,100,2,34,4.6
PLAKA-MD,100,2,35,4.6
PLAKA-MD,100,2,36,4.6
PLAKA-MD,100,2,37,4.6
PLAKA-MD,100,2,38,4.6
PLAKA-MD,100,2,39,4.6
PLAKA-MD,100,2,40,4.6
PLAKA-MD,100,2,41,4.6
PLAKA-MD,100,2,42,4.6
PLAKA-MD,100,2,43,4.6
PLAKA-MD,100,2,44,4.6
PLAKA-MD,100,2,45,4.6
PLAKA-MD,100,2,46,4.6
PLAKA-MD,100,2,47,4.6
PLAKA-MD,100,2,48,4.6
PLAKA-MD,100,2,49,4.6
PLAKA-MD,100,2,50,4.8
PLAKA-MD,100,2,51,4.8
PLAKA-MD,100,2,52,4.8
PLAKA-MD,100,2,53,4.8
PLAKA-MD,100,2,54,4.8
PLAKA-MD,100,2,55,4.8
PLAKA-MD,100,2,56,4.8
PLAKA-MD,100,2,57,4.8
PLAKA-MD,100,2,58,4.8
PLAKA-MD,100,2,59,4.8
PLAKA-MD,100,2,60,4.8
PLAKA-MD,100,2,61,4.8
PLAKA-MD,100,2,62,4.8
PLAKA-MD,100,2,63,4.8
PLAKA-MD,100,2,64,4.8
PLAKA-MD,100,2,65,4.8
PLAKA-MD,100,2,66,4.8
PLAKA-MD,100,2,67,4.8
PLAKA-MD,100,2,68,4.8
PLAKA-MD,100,2,69,4.8
PLAKA-MD,100,2,70,4.8
PLAKA-MD,100,2,71,4.8
PLAKA-MD,100,2,72,4.8
PLAKA-MD,100,2,73,4.8
PLAKA-MD,100,2,74,4.8
PLAKA-MD,100,2,75,4.8
PLAKA-MD,100,2,76,4.8
PLAKA-MD,100,2,77,4.8
PLAKA-MD,100,2,78,4.8
PLAKA-MD,100,2,79,4.8
PLAKA-MD,100,2,80,4.8
PLAKA-MD,100,2,81,4.8
PLAKA-MD,100,2,82,4.8
PLAKA-MD,100,2,83,4.8
PLAKA-MD,100,2,84,4.8
PLAKA-MD,100,2,85,4.8
PLAKA-MD,100,2,86,4.8
PLAKA-MD,100,2,87,4.8
PLAKA-MD,100,2,88,4.8
PLAKA-MD,100,2,89,4.8
PLAKA-MD,100,2,90,4.8
PLAKA-MD,100,2,91,4.8
PLAKA-MD,100,2,92,4.8
PLAKA-MD,100,2,93,4.8
PLAKA-MD,100,2,94,4.8
PLAKA-MD,100,2,95,7.2
PLAKA-MD,100,2,96,7.3
PLAKA-MD,100,2,97,7.3
PLAKA-MD,100,2,98,7.3
PLAKA-MD,100,2,99,7.3
PLAKA-MD,100,2,100,7.3
PLAKA-MD,100,3,1,4.6
PLAKA-MD,100,3,2,4.6
PLAKA-MD,100,3,3,4.6
PLAKA-MD,100,3,4,4.6
PLAKA-MD,100,3,5,4.6
PLAKA-MD,100,3,6,4.6
PLAKA-MD,100,3,7,4.6
PLAKA-MD,100,3,8,4.6
PLAKA-MD,100,3,9,4.6
PLAKA-MD,100,3,10,4.6
PLAKA-MD,100,3,11,4.6
PLAKA-MD,100,3,12,4.6
PLAKA-MD,100,3,13,4.6
PLAKA-MD,100,3,14,4.6
PLAKA-MD,100,3,15,4.6
PLAKA-MD,100,3,16,4.6
PLAKA-MD,100,3,17,4.6
PLAKA-MD,100,3,18,4.6
PLAKA-MD,100,3,19,4.6
PLAKA-MD,100,3,20,4.6
PLAKA-MD,100,3,21,4.6
PLAKA-MD,100,3,22,4.6
PLAKA-MD,100,3,23,4.6
PLAKA-MD,100,3,24,4.6
PLAKA-MD,100,3,25,4.6
PLAKA-MD,100,3,26,4.6
PLAKA-MD,100,3,27,4.6
PLAKA-MD,100,3,28,4.6
PLAKA-MD,100,3,29,4.6
PLAKA-MD,100,3,30,4.6
PLAKA-MD,100,3,31,4.6
PLAKA-MD,100,3,32,4.6
PLAKA-MD,100,3,33,4.6
PLAKA-MD,100,3,34,4.6
PLAKA-MD,100,3,35,4.6
PLAKA-MD,100,3,36,4.6
PLAKA-MD,100,3,37,4.6
PLAKA-MD,100,3,38,4.6
PLAKA-MD,100,3,39,4.6
PLAKA-MD,100,3,40,4.6
PLAKA-MD,100,3,41,4.6
PLAKA-MD,100,3,42,4.6
PLAKA-MD,100,3,43,4.6
PLAKA-MD,100,3,44,4.6
PLAKA-MD,100,3,45,4.6
PLAKA-MD,100,3,46,4.6
PLAKA-MD,100,3,47,4.6
PLAKA-MD,100,3,48,4.6
PLAKA-MD,100,3,49,4.6
PLAKA-MD,100,3,50,4.8
PLAKA-MD,100,3,51,4.8
PLAKA-MD,100,3,52,4.8
PLAKA-MD,100,3,53,4.8
PLAKA-MD,100,3,54,4.8
PLAKA-MD,100,3,55,4.8
PLAKA-MD,100,3,56,4.8
PLAKA-MD,100,3,57,4.8
PLAKA-MD,100,3,58,4.8
PLAKA-MD,100,3,59,4.8
PLAKA-MD,100,3,60,4.8
PLAKA-MD,100,3,61,4.8
PLAKA-MD,100,3,62,4.8
PLAKA-MD,100,3,63,4.8
PLAKA-MD,100,3,64,4.8
PLAKA-MD,100,3,65,4.8
PLAKA-MD,100,3,66,4.8
PLAKA-MD,100,3,67,4.8
PLAKA-MD,100,3,68,4.8
PLAKA-MD,100,3,69,4.8
PLAKA-MD,100,3,70,4.8
PLAKA-MD,100,3,71,4.8
PLAKA-MD,100,3,72,4.8
PLAKA-MD,100,3,73,4.8
PLAKA-MD,100,3,74,4.8
PLAKA-MD,100,3,75,4.8
PLAKA-MD,100,3,76,4.8
PLAKA-MD,100,3,77,4.8
PLAKA-MD,100,3,78,4.8
PLAKA-MD,100,3,79,4.8
PLAKA-MD,100,3,80,4.8
PLAKA-MD,100,3,81,4.8
PLAKA-MD,100,3,82,4.8
PLAKA-MD,100,3,83,4.8
PLAKA-MD,100,3,84,4.8
PLAKA-MD,100,3,85,4.8
PLAKA-MD,100,3,86,4.8
PLAKA-MD,100,3,87,4.8
PLAKA-MD,100,3,88,4.8
PLAKA-MD,100,3,89,4.8
PLAKA-MD,100,3,90,4.8
PLAKA-MD,100,3,91,4.8
PLAKA-MD,100,3,92,4.8
PLAKA-MD,100,3,93,4.8
PLAKA-MD,100,3,94,4.8
PLAKA-MD,100,3,95,7.2
PLAKA-MD,100,3,96,7.3
PLAKA-MD,100,3,97,7.3
PLAKA-MD,100,3,98,7.3
PLAKA-MD,100,3,99,7.3
PLAKA-MD,100,3,100,7.3
PLAKA-MD,500,1,1,6.3
PLAKA-MD,500,1,2,6.3
PLAKA-MD,500,1,3,6.3
PLAKA-MD,500,1,4,6.3
PLAKA-MD,500,1,5,6.3
PLAKA-MD,500,1,6,6.3
PLAKA-MD,500,1,7,6.3
PLAKA-MD,500,1,8,6.3
PLAKA-MD,500,1,9,6.3
PLAKA-MD,500,1,10,6.3
PLAKA-MD,500,1,11,6.3
PLAKA-MD,500,1,12,6.3
PLAKA-MD,500,1,13,6.3
PLAKA-MD,500,1,14,6.3
PLAKA-MD,500,1,15,6.3
PLAKA-MD,500,1,16,6.3
PLAKA-MD,500,1,17,6.3
PLAKA-MD,500,1,18,6.3
PLAKA-MD,500,1,19,6.3
PLAKA-MD,500,1,20,6.3
PLAKA-MD,500,1,21,6.3
PLAKA-MD,500,1,22,6.3
PLAKA-MD,500,1,23,6.3
PLAKA-MD,500,1,24,6.3
PLAKA-MD,500,1,25,6.3
PLAKA-MD,500,1,26,6.3
PLAKA-MD,500,1,27,6.3
PLAKA-MD,500,1,28,6.3
PLAKA-MD,500,1,29,6.3
PLAKA-MD,500,1,30,6.3
PLAKA-MD,500,1,31,6.3
PLAKA-MD,500,1,32,6.3
PLAKA-MD,500,1,33,6.3
PLAKA-MD,500,1,34,6.3
PLAKA-MD,500,1,35,6.3
PLAKA-MD,500,1,36,6.3
PLAKA-MD,500,1,37,6.3
PLAKA-MD,500,1,38,6.3
PLAKA-MD,500,1,39,6.3
PLAKA-MD,500,1,40,6.3
PLAKA-MD,500,1,41,6.3
PLAKA-MD,500,1,42,6.3
PLAKA-MD,500,1,43,6.3
PLAKA-MD,500,1,44,6.3
PLAKA-MD,500,1,45,6.3
PLAKA-MD,500,1,46,6.3
PLAKA-MD,500,1,47,6.3
PLAKA-MD,500,1,48,6.3
PLAKA-MD,500,1,49,6.3
PLAKA-MD,500,1,50,6.5
PLAKA-MD,500,1,51,6.5
PLAKA-MD,500,1,52,6.5
PLAKA-MD,500,1,53,6.5
PLAKA-MD,500,1,54,6.5
PLAKA-MD,500,1,55,6.5
PLAKA-MD,500,1,56,6.5
PLAKA-MD,500,1,57,6.5
PLAKA-MD,500,1,58,6.5
PLAKA-MD,500,1,59,6.5
PLAKA-MD,500,1,60,6.5
PLAKA-MD,500,1,61,6.5
PLAKA-MD,500,1,62,6.5
PLAKA-MD,500,1,63,6.5
PLAKA-MD,500,1,64,6.5
PLAKA-MD,500,1,65,6.5
PLAKA-MD,500,1,66,6.5
PLAKA-MD,500,1,67,6.5
PLAKA-MD,500,1,68,6.5
PLAKA-MD,500,1,69,6.5
PLAKA-MD,500,1,70,6.5
PLAKA-MD,500,1,71,6.5
PLAKA-MD,500,1,72,6.5
PLAKA-MD,500,1,73,6.5
PLAKA-MD,500,1,74,6.5
PLAKA-MD,500,1,75,6.5
PLAKA-MD,500,1,76,6.5
PLAKA-MD,500,1,77,6.5
PLAKA-MD,500,1,78,6.5
PLAKA-MD,500,1,79,6.5
PLAKA-MD,500,1,80,6.5
PLAKA-MD,500,1,81,6.5
PLAKA-MD,500,1,82,6.5
PLAKA-MD,500,1,83,6.5
PLAKA-MD,500,1,84,6.5
PLAKA-MD,500,1,85,6.5
PLAKA-MD,500,1,86,6.5
PLAKA-MD,500,1,87,6.5
PLAKA-MD,500,1,88,6.5
PLAKA-MD,500,1,89,6.5
PLAKA-MD,500,1,90,6.5
PLAKA-MD,500,1,91,6.5
PLAKA-MD,500,1,92,6.5
PLAKA-MD,500,1,93,6.5
PLAKA-MD,500,1,94,6.5
PLAKA-MD,500,1,95,10.8
PLAKA-MD,500,1,96,10.9
PLAKA-MD,500,1,97,10.9
PLAKA-MD,500,1,98,10.9
PLAKA-MD,500,1,99,10.9
PLAKA-MD,500,1,100,10.9
PLAKA-MD,500,2,1,6.3
PLAKA-MD,500,2,2,6.3
PLAKA-MD,500,2,3,6.3
PLAKA-MD,500,2,4,6.3
PLAKA-MD,500,2,5,6.3
PLAKA-MD,500,2,6,6.3
PLAKA-MD,500,2,7,6.3
PLAKA-MD,500,2,8,6.3
PLAKA-MD,500,2,9,6.3
PLAKA-MD,500,2,10,6.3
PLAKA-MD,500,2,11,6.3
PLAKA-MD,500,2,12,6.3
PLAKA-MD,500,2,13,6.3
PLAKA-MD,500,2,14,6.3
PLAKA-MD,500,2,15,6.3
PLAKA-MD,500,2,16,6.3
PLAKA-MD,500,2,17,6.3
PLAKA-MD,500,2,18,6.3
PLAKA-MD,500,2,19,6.3
PLAKA-MD,500,2,20,6.3
PLAKA-MD,500,2,21,6.3
PLAKA-MD,500,2,22,6.3
PLAKA-MD,500,2,23,6.3
PLAKA-MD,500,2,24,6.3
PLAKA-MD,500,2,25,6.3
PLAKA-MD,500,2,26,6.3
PLAKA-MD,500,2,27,6.3
PLAKA-MD,500,2,28,6.3
PLAKA-MD,500,2,29,6.3
PLAKA-MD,500,2,30,6.3
PLAKA-MD,500,2,31,6.3
PLAKA-MD,500,2,32,6.3
PLAKA-MD,500,2,33,6.3
PLAKA-MD,500,2,34,6.3
PLAKA-MD,500,2,35,6.3
PLAKA-MD,500,2,36,6.3
PLAKA-MD,500,2,37,6.3
PLAKA-MD,500,2,38,6.3
PLAKA-MD,500,2,39,6.3
PLAKA-MD,500,2,40,6.3
PLAKA-MD,500,2,41,6.3
PLAKA-MD,500,2,42,6.3
PLAKA-MD,500,2,43,6.3
PLAKA-MD,500,2,44,6.3
PLAKA-MD,500,2,45,6.3
PLAKA-MD,500,2,46,6.3
PLAKA-MD,500,2,47,6.3
PLAKA-MD,500,2,48,6.3
PLAKA-MD,500,2,49,6.3
PLAKA-MD,500,2,50,6.5
PLAKA-MD,500,2,51,6.5
PLAKA-MD,500,2,52,6.5
PLAKA-MD,500,2,53,6.5
PLAKA-MD,500,2,54,6.5
PLAKA-MD,500,2,55,6.5
PLAKA-MD,500,2,56,6.5
PLAKA-MD,500,2,57,6.5
PLAKA-MD,500,2,58,6.5
PLAKA-MD,500,2,59,6.5
PLAKA-MD,500,2,60,6.5
PLAKA-MD,500,2,61,6.5
PLAKA-MD,500,2,62,6.5
PLAKA-MD,500,2,63,6.5
PLAKA-MD,500,2,64,6.5
PLAKA-MD,500,2,65,6.5
PLAKA-MD,500,2,66,6.5
PLAKA-MD,500,2,67,6.5
PLAKA-MD,500,2,68,6.5
PLAKA-MD,500,2,69,6.5
PLAKA-MD,500,2,70,6.5
PLAKA-MD,500,2,71,6.5
PLAKA-MD,500,2,72,6.5
PLAKA-MD,500,2,73,6.5
PLAKA-MD,500,2,74,6.5
PLAKA-MD,500,2,75,6.5
PLAKA-MD,500,2,76,6.5
PLAKA-MD,500,2,77,6.5
PLAKA-MD,500,2,78,6.5
PLAKA-MD,500,2,79,6.5
PLAKA-MD,500,2,80,6.5
PLAKA-MD,500,2,81,6.5
PLAKA-MD,500,2,82,6.5
PLAKA-MD,500,2,83,6.5
PLAKA-MD,500,2,84,6.5
PLAKA-MD,500,2,85,6.5
PLAKA-MD,500,2,86,6.5
PLAKA-MD,500,2,87,6.5
PLAKA-MD,500,2,88,6.5
PLAKA-MD,500,2,89,6.5
PLAKA-MD,500,2,90,6.5
PLAKA-MD,500,2,91,6.5
PLAKA-MD,500,2,92,6.5
PLAKA-MD,500,2,93,6.5
PLAKA-MD,500,2,94,6.5
PLAKA-MD,500,2,95,10.8
PLAKA-MD,500,2,96,10.9
PLAKA-MD,500,2,97,10.9
PLAKA-MD,500,2,98,10.9
PLAKA-MD,500,2,99,10.9
PLAKA-MD,500,2,100,10.9
PLAKA-MD,500,3,1,6.3
PLAKA-MD,500,3,2,6.3
PLAKA-MD,500,3,3,6.3
PLAKA-MD,500,3,4,6.3
PLAKA-MD,500,3,5,6.3
PLAKA-MD,500,3,6,6.3
PLAKA-MD,500,3,7,6.3
PLAKA-MD,500,3,8,6.3
PLAKA-MD,500,3,9,6.3
PLAKA-MD,500,3,10,6.3
PLAKA-MD,500,3,11,6.3
PLAKA-MD,500,3,12,6.3
PLAKA-MD,500,3,13,6.3
PLAKA-MD,500,3,14,6.3
PLAKA-MD,500,3,15,6.3
PLAKA-MD,500,3,16,6.3
PLAKA-MD,500,3,17,6.3
PLAKA-MD,500,3,18,6.3
PLAKA-MD,500,3,19,6.3
PLAKA-MD,500,3,20,6.3
PLAKA-MD,500,3,21,6.3
PLAKA-MD,500,3,22,6.3
PLAKA-MD,500,3,23,6.3
PLAKA-MD,500,3,24,6.3
PLAKA-MD,500,3,25,6.3
PLAKA-MD,500,3,26,6.3
PLAKA-MD,500,3,27,6.3
PLAKA-MD,500,3,28,6.3
PLAKA-MD,500,3,29,6.3
PLAKA-MD,500,3,30,6.3
PLAKA-MD,500,3,31,6.3
PLAKA-MD,500,3,32,6.3
PLAKA-MD,500,3,33,6.3
PLAKA-MD,500,3,34,6.3
PLAKA-MD,500,3,35,6.3
PLAKA-MD,500,3,36,6.3
PLAKA-MD,500,3,37,6.3
PLAKA-MD,500,3,38,6.3
PLAKA-MD,500,3,39,6.3
PLAKA-MD,500,3,40,6.3
PLAKA-MD,500,3,41,6.3
PLAKA-MD,500,3,42,6.3
PLAKA-MD,500,3,43,6.3
PLAKA-MD,500,3,44,6.3
PLAKA-MD,500,3,45,6.3
PLAKA-MD,500,3,46,6.3
PLAKA-MD,500,3,47,6.3
PLAKA-MD,500,3,48,6.3
PLAKA-MD,500,3,49,6.3
PLAKA-MD,500,3,50,6.5
PLAKA-MD,500,3,51,6.5
PLAKA-MD,500,3,52,6.5
PLAKA-MD,500,3,53,6.5
PLAKA-MD,500,3,54,6.5
PLAKA-MD,500,3,55,6.5
PLAKA-MD,500,3,56,6.5
PLAKA-MD,500,3,57,6.5
PLAKA-MD,500,3,58,6.5
PLAKA-MD,500,3,59,6.5
PLAKA-MD,500,3,60,6.5
PLAKA-MD,500,3,61,6.5
PLAKA-MD,500,3,62,6.5
PLAKA-MD,500,3,63,6.5
PLAKA-MD,500,3,64,6.5
PLAKA-MD,500,3,65,6.5
PLAKA-MD,500,3,66,6.5
PLAKA-MD,500,3,67,6.5
PLAKA-MD,500,3,68,6.5
PLAKA-MD,500,3,69,6.5
PLAKA-MD,500,3,70,6.5
PLAKA-MD,500,3,71,6.5
PLAKA-MD,500,3,72,6.5
PLAKA-MD,500,3,73,6.5
PLAKA-MD,500,3,74,6.5
PLAKA-MD,500,3,75,6.5
PLAKA-MD,500,3,76,6.5
PLAKA-MD,500,3,77,6.5
PLAKA-MD,500,3,78,6.5
PLAKA-MD,500,3,79,6.5
PLAKA-MD,500,3,80,6.5
PLAKA-MD,500,3,81,6.5
PLAKA-MD,500,3,82,6.5
PLAKA-MD,500,3,83,6.5
PLAKA-MD,500,3,84,6.5
PLAKA-MD,500,3,85,6.5
PLAKA-MD,500,3,86,6.5
PLAKA-MD,500,3,87,6.5
PLAKA-MD,500,3,88,6.5
PLAKA-MD,500,3,89,6.5
PLAKA-MD,500,3,90,6.5
PLAKA-MD,500,3,91,6.5
PLAKA-MD,500,3,92,6.5
PLAKA-MD,500,3,93,6.5
PLAKA-MD,500,3,94,6.5
PLAKA-MD,500,3,95,10.8
PLAKA-MD,500,3,96,10.9
PLAKA-MD,500,3,97,10.9
PLAKA-MD,500,3,98,10.9
PLAKA-MD,500,3,99,10.9
PLAKA-MD,500,3,100,10.9
PLAKA-MD,1000,1,1,6.9
PLAKA-MD,1000,1,2,6.9
PLAKA-MD,1000,1,3,6.9
PLAKA-MD,1000,1,4,6.9
PLAKA-MD,1000,1,5,6.9
PLAKA-MD,1000,1,6,6.9
PLAKA-MD,1000,1,7,6.9
PLAKA-MD,1000,1,8,6.9
PLAKA-MD,1000,1,9,6.9
PLAKA-MD,1000,1,10,6.9
PLAKA-MD,1000,1,11,6.9
PLAKA-MD,1000,1,12,6.9
PLAKA-MD,1000,1,13,6.9
PLAKA-MD,1000,1,14,6.9
PLAKA-MD,1000,1,15,6.9
PLAKA-MD,1000,1,16,6.9
PLAKA-MD,1000,1,17,6.9
PLAKA-MD,1000,1,18,6.9
PLAKA-MD,1000,1,19,6.9
PLAKA-MD,1000,1,20,6.9
PLAKA-MD,1000,1,21,6.9
PLAKA-MD,1000,1,22,6.9
PLAKA-MD,1000,1,23,6.9
PLAKA-MD,1000,1,24,6.9
PLAKA-MD,1000,1,25,6.9
PLAKA-MD,1000,1,26,6.9
PLAKA-MD,1000,1,27,6.9
PLAKA-MD,1000,1,28,6.9
PLAKA-MD,1000,1,29,6.9
PLAKA-MD,1000,1,30,6.9
PLAKA-MD,1000,1,31,6.9
PLAKA-MD,1000,1,32,6.9
PLAKA-MD,1000,1,33,6.9
PLAKA-MD,1000,1,34,6.9
PLAKA-MD,1000,1,35,6.9
PLAKA-MD,1000,1,36,6.9
PLAKA-MD,1000,1,37,6.9
PLAKA-MD,1000,1,38,6.9
PLAKA-MD,1000,1,39,6.9
PLAKA-MD,1000,1,40,6.9
PLAKA-MD,1000,1,41,6.9
PLAKA-MD,1000,1,42,6.9
PLAKA-MD,1000,1,43,6.9
PLAKA-MD,1000,1,44,6.9
PLAKA-MD,1000,1,45,6.9
PLAKA-MD,1000,1,46,6.9
PLAKA-MD,1000,1,47,6.9
PLAKA-MD,1000,1,48,6.9
PLAKA-MD,1000,1,49,6.9
PLAKA-MD,1000,1,50,7.1
PLAKA-MD,1000,1,51,7.1
PLAKA-MD,1000,1,52,7.1
PLAKA-MD,1000,1,53,7.1
PLAKA-MD,1000,1,54,7.1
PLAKA-MD,1000,1,55,7.1
PLAKA-MD,1000,1,56,7.1
PLAKA-MD,1000,1,57,7.1
PLAKA-MD,1000,1,58,7.1
PLAKA-MD,1000,1,59,7.1
PLAKA-MD,1000,1,60,7.1
PLAKA-MD,1000,1,61,7.1
PLAKA-MD,1000,1,62,7.1
PLAKA-MD,1000,1,63,7.1
PLAKA-MD,1000,1,64,7.1
PLAKA-MD,1000,1,65,7.1
PLAKA-MD,1000,1,66,7.1
PLAKA-MD,1000,1,67,7.1
PLAKA-MD,1000,1,68,7.1
PLAKA-MD,1000,1,69,7.1
PLAKA-MD,1000,1,70,7.1
PLAKA-MD,1000,1,71,7.1
PLAKA-MD,1000,1,72,7.1
PLAKA-MD,1000,1,73,7.1
PLAKA-MD,1000,1,74,7.1
PLAKA-MD,1000,1,75,7.1
PLAKA-MD,1000,1,76,7.1
PLAKA-MD,1000,1,77,7.1
PLAKA-MD,1000,1,78,7.1
PLAKA-MD,1000,1,79,7.1
PLAKA-MD,1000,1,80,7.1
PLAKA-MD,1000,1,81,7.1
PLAKA-MD,1000,1,82,7.1
PLAKA-MD,1000,1,83,7.1
PLAKA-MD,1000,1,84,7.1
PLAKA-MD,1000,1,85,7.1
PLAKA-MD,1000,1,86,7.1
PLAKA-MD,1000,1,87,7.1
PLAKA-MD,1000,1,88,7.1
PLAKA-MD,1000,1,89,7.1
PLAKA-MD,1000,1,90,7.1
PLAKA-MD,1000,1,91,7.1
PLAKA-MD,1000,1,92,7.1
PLAKA-MD,1000,1,93,7.1
PLAKA-MD,1000,1,94,7.1
PLAKA-MD,1000,1,95,13.5
PLAKA-MD,1000,1,96,13.6
PLAKA-MD,1000,1,97,13.6
PLAKA-MD,1000,1,98,13.6
PLAKA-MD,1000,1,99,13.6
PLAKA-MD,1000,1,100,13.6
PLAKA-MD,1000,2,1,6.9
PLAKA-MD,1000,2,2,6.9
PLAKA-MD,1000,2,3,6.9
PLAKA-MD,1000,2,4,6.9
PLAKA-MD,1000,2,5,6.9
PLAKA-MD,1000,2,6,6.9
PLAKA-MD,1000,2,7,6.9
PLAKA-MD,1000,2,8,6.9
PLAKA-MD,1000,2,9,6.9
PLAKA-MD,1000,2,10,6.9
PLAKA-MD,1000,2,11,6.9
PLAKA-MD,1000,2,12,6.9
PLAKA-MD,1000,2,13,6.9
PLAKA-MD,1000,2,14,6.9
PLAKA-MD,1000,2,15,6.9
PLAKA-MD,1000,2,16,6.9
PLAKA-MD,1000,2,17,6.9
PLAKA-MD,1000,2,18,6.9
PLAKA-MD,1000,2,19,6.9
PLAKA-MD,1000,2,20,6.9
PLAKA-MD,1000,2,21,6.9
PLAKA-MD,1000,2,22,6.9
PLAKA-MD,1000,2,23,6.9
PLAKA-MD,1000,2,24,6.9
PLAKA-MD,1000,2,25,6.9
PLAKA-MD,1000,2,26,6.9
PLAKA-MD,1000,2,27,6.9
PLAKA-MD,1000,2,28,6.9
PLAKA-MD,1000,2,29,6.9
PLAKA-MD,1000,2,30,6.9
PLAKA-MD,1000,2,31,6.9
PLAKA-MD,1000,2,32,6.9
PLAKA-MD,1000,2,33,6.9
PLAKA-MD,1000,2,34,6.9
PLAKA-MD,1000,2,35,6.9
PLAKA-MD,1000,2,36,6.9
PLAKA-MD,1000,2,37,6.9
PLAKA-MD,1000,2,38,6.9
PLAKA-MD,1000,2,39,6.9
PLAKA-MD,1000,2,40,6.9
PLAKA-MD,1000,2,41,6.9
PLAKA-MD,1000,2,42,6.9
PLAKA-MD,1000,2,43,6.9
PLAKA-MD,1000,2,44,6.9
PLAKA-MD,1000,2,45,6.9
PLAKA-MD,1000,2,46,6.9
PLAKA-MD,1000,2,47,6.9
PLAKA-MD,1000,2,48,6.9
PLAKA-MD,1000,2,49,6.9
PLAKA-MD,1000,2,50,7.1
PLAKA-MD,1000,2,51,7.1
PLAKA-MD,1000,2,52,7.1
PLAKA-MD,1000,2,53,7.1
PLAKA-MD,1000,2,54,7.1
PLAKA-MD,1000,2,55,7.1
PLAKA-MD,1000,2,56,7.1
PLAKA-MD,1000,2,57,7.1
PLAKA-MD,1000,2,58,7.1
PLAKA-MD,1000,2,59,7.1
PLAKA-MD,1000,2,60,7.1
PLAKA-MD,1000,2,61,7.1
PLAKA-MD,1000,2,62,7.1
PLAKA-MD,1000,2,63,7.1
PLAKA-MD,1000,2,64,7.1
PLAKA-MD,1000,2,65,7.1
PLAKA-MD,1000,2,66,7.1
PLAKA-MD,1000,2,67,7.1
PLAKA-MD,1000,2,68,7.1
PLAKA-MD,1000,2,69,7.1
PLAKA-MD,1000,2,70,7.1
PLAKA-MD,1000,2,71,7.1
PLAKA-MD,1000,2,72,7.1
PLAKA-MD,1000,2,73,7.1
PLAKA-MD,1000,2,74,7.1
PLAKA-MD,1000,2,75,7.1
PLAKA-MD,1000,2,76,7.1
PLAKA-MD,1000,2,77,7.1
PLAKA-MD,1000,2,78,7.1
PLAKA-MD,1000,2,79,7.1
PLAKA-MD,1000,2,80,7.1
PLAKA-MD,1000,2,81,7.1
PLAKA-MD,1000,2,82,7.1
PLAKA-MD,1000,2,83,7.1
PLAKA-MD,1000,2,84,7.1
PLAKA-MD,1000,2,85,7.1
PLAKA-MD,1000,2,86,7.1
PLAKA-MD,1000,2,87,7.1
PLAKA-MD,1000,2,88,7.1
PLAKA-MD,1000,2,89,7.1
PLAKA-MD,1000,2,90,7.1
PLAKA-MD,1000,2,91,7.1
PLAKA-MD,1000,2,92,7.1
PLAKA-MD,1000,2,93,7.1
PLAKA-MD,1000,2,94,7.1
PLAKA-MD,1000,2,95,13.5
PLAKA-MD,1000,2,96,13.6
PLAKA-MD,1000,2,97,13.6
PLAKA-MD,1000,2,98,13.6
PLAKA-MD,1000,2,99,13.6
PLAKA-MD,1000,2,100,13.6
PLAKA-MD,1000,3,1,6.9
PLAKA-MD,1000,3,2,6.9
PLAKA-MD,1000,3,3,6.9
PLAKA-MD,1000,3,4,6.9
PLAKA-MD,1000,3,5,6.9
PLAKA-MD,1000,3,6,6.9
PLAKA-MD,1000,3,7,6.9
PLAKA-MD,1000,3,8,6.9
PLAKA-MD,1000,3,9,6.9
PLAKA-MD,1000,3,10,6.9
PLAKA-MD,1000,3,11,6.9
PLAKA-MD,1000,3,12,6.9
PLAKA-MD,1000,3,13,6.9
PLAKA-MD,1000,3,14,6.9
PLAKA-MD,1000,3,15,6.9
PLAKA-MD,1000,3,16,6.9
PLAKA-MD,1000,3,17,6.9
PLAKA-MD,1000,3,18,6.9
PLAKA-MD,1000,3,19,6.9
PLAKA-MD,1000,3,20,6.9
PLAKA-MD,1000,3,21,6.9
PLAKA-MD,1000,3,22,6.9
PLAKA-MD,1000,3,23,6.9
PLAKA-MD,1000,3,24,6.9
PLAKA-MD,1000,3,25,6.9
PLAKA-MD,1000,3,26,6.9
PLAKA-MD,1000,3,27,6.9
PLAKA-MD,1000,3,28,6.9
PLAKA-MD,1000,3,29,6.9
PLAKA-MD,1000,3,30,6.9
PLAKA-MD,1000,3,31,6.9
PLAKA-MD,1000,3,32,6.9
PLAKA-MD,1000,3,33,6.9
PLAKA-MD,1000,3,34,6.9
PLAKA-MD,1000,3,35,6.9
PLAKA-MD,1000,3,36,6.9
PLAKA-MD,1000,3,37,6.9
PLAKA-MD,1000,3,38,6.9
PLAKA-MD,1000,3,39,6.9
PLAKA-MD,1000,3,40,6.9
PLAKA-MD,1000,3,41,6.9
PLAKA-MD,1000,3,42,6.9
PLAKA-MD,1000,3,43,6.9
PLAKA-MD,1000,3,44,6.9
PLAKA-MD,1000,3,45,6.9
PLAKA-MD,1000,3,46,6.9
PLAKA-MD,1000,3,47,6.9
PLAKA-MD,1000,3,48,6.9
PLAKA-MD,1000,3,49,6.9
PLAKA-MD,1000,3,50,7.1
PLAKA-MD,1000,3,51,7.1
PLAKA-MD,1000,3,52,7.1
PLAKA-MD,1000,3,53,7.1
PLAKA-MD,1000,3,54,7.1
PLAKA-MD,1000,3,55,7.1
PLAKA-MD,1000,3,56,7.1
PLAKA-MD,1000,3,57,7.1
PLAKA-MD,1000,3,58,7.1
PLAKA-MD,1000,3,59,7.1
PLAKA-MD,1000,3,60,7.1
PLAKA-MD,1000,3,61,7.1
PLAKA-MD,1000,3,62,7.1
PLAKA-MD,1000,3,63,7.1
PLAKA-MD,1000,3,64,7.1
PLAKA-MD,1000,3,65,7.1
PLAKA-MD,1000,3,66,7.1
PLAKA-MD,1000,3,67,7.1
PLAKA-MD,1000,3,68,7.1
PLAKA-MD,1000,3,69,7.1
PLAKA-MD,1000,3,70,7.1
PLAKA-MD,1000,3,71,7.1
PLAKA-MD,1000,3,72,7.1
PLAKA-MD,1000,3,73,7.1
PLAKA-MD,1000,3,74,7.1
PLAKA-MD,1000,3,75,7.1
PLAKA-MD,1000,3,76,7.1
PLAKA-MD,1000,3,77,7.1
PLAKA-MD,1000,3,78,7.1
PLAKA-MD,1000,3,79,7.1
PLAKA-MD,1000,3,80,7.1
PLAKA-MD,1000,3,81,7.1
PLAKA-MD,1000,3,82,7.1
PLAKA-MD,1000,3,83,7.1
PLAKA-MD,1000,3,84,7.1
PLAKA-MD,1000,3,85,7.1
PLAKA-MD,1000,3,86,7.1
PLAKA-MD,1000,3,87,7.1
PLAKA-MD,1000,3,88,7.1
PLAKA-MD,1000,3,89,7.1
PLAKA-MD,1000,3,90,7.1
PLAKA-MD,1000,3,91,7.1
PLAKA-MD,1000,3,92,7.1
PLAKA-MD,1000,3,93,7.1
PLAKA-MD,1000,3,94,7.1
PLAKA-MD,1000,3,95,13.5
PLAKA-MD,1000,3,96,13.6
PLAKA-MD,1000,3,97,13.6
PLAKA-MD,1000,3,98,13.6
PLAKA-MD,1000,3,99,13.6
PLAKA-MD,1000,3,100,13.6
PLAKA-MD,2000,1,1,12.3
PLAKA-MD,2000,1,2,12.3
PLAKA-MD,2000,1,3,12.3
PLAKA-MD,2000,1,4,12.3
PLAKA-MD,2000,1,5,12.3
PLAKA-MD,2000,1,6,12.3
PLAKA-MD,2000,1,7,12.3
PLAKA-MD,2000,1,8,12.3
PLAKA-MD,2000,1,9,12.3
PLAKA-MD,2000,1,10,12.3
PLAKA-MD,2000,1,11,12.3
PLAKA-MD,2000,1,12,12.3
PLAKA-MD,2000,1,13,12.3
PLAKA-MD,2000,1,14,12.3
PLAKA-MD,2000,1,15,12.3
PLAKA-MD,2000,1,16,12.3
PLAKA-MD,2000,1,17,12.3
PLAKA-MD,2000,1,18,12.3
PLAKA-MD,2000,1,19,12.3
PLAKA-MD,2000,1,20,12.3
PLAKA-MD,2000,1,21,12.3
PLAKA-MD,2000,1,22,12.3
PLAKA-MD,2000,1,23,12.3
PLAKA-MD,2000,1,24,12.3
PLAKA-MD,2000,1,25,12.3
PLAKA-MD,2000,1,26,12.3
PLAKA-MD,2000,1,27,12.3
PLAKA-MD,2000,1,28,12.3
PLAKA-MD,2000,1,29,12.3
PLAKA-MD,2000,1,30,12.3
PLAKA-MD,2000,1,31,12.3
PLAKA-MD,2000,1,32,12.3
PLAKA-MD,2000,1,33,12.3
PLAKA-MD,2000,1,34,12.3
PLAKA-MD,2000,1,35,12.3
PLAKA-MD,2000,1,36,12.3
PLAKA-MD,2000,1,37,12.3
PLAKA-MD,2000,1,38,12.3
PLAKA-MD,2000,1,39,12.3
PLAKA-MD,2000,1,40,12.3
PLAKA-MD,2000,1,41,12.3
PLAKA-MD,2000,1,42,12.3
PLAKA-MD,2000,1,43,12.3
PLAKA-MD,2000,1,44,12.3
PLAKA-MD,2000,1,45,12.3
PLAKA-MD,2000,1,46,12.3
PLAKA-MD,2000,1,47,12.3
PLAKA-MD,2000,1,48,12.3
PLAKA-MD,2000,1,49,12.3
PLAKA-MD,2000,1,50,12.5
PLAKA-MD,2000,1,51,12.5
PLAKA-MD,2000,1,52,12.5
PLAKA-MD,2000,1,53,12.5
PLAKA-MD,2000,1,54,12.5
PLAKA-MD,2000,1,55,12.5
PLAKA-MD,2000,1,56,12.5
PLAKA-MD,2000,1,57,12.5
PLAKA-MD,2000,1,58,12.5
PLAKA-MD,2000,1,59,12.5
PLAKA-MD,2000,1,60,12.5
PLAKA-MD,2000,1,61,12.5
PLAKA-MD,2000,1,62,12.5
PLAKA-MD,2000,1,63,12.5
PLAKA-MD,2000,1,64,12.5
PLAKA-MD,2000,1,65,12.5
PLAKA-MD,2000,1,66,12.5
PLAKA-MD,2000,1,67,12.5
PLAKA-MD,2000,1,68,12.5
PLAKA-MD,2000,1,69,12.5
PLAKA-MD,2000,1,70,12.5
PLAKA-MD,2000,1,71,12.5
PLAKA-MD,2000,1,72,12.5
PLAKA-MD,2000,1,73,12.5
PLAKA-MD,2000,1,74,12.5
PLAKA-MD,2000,1,75,12.5
PLAKA-MD,2000,1,76,12.5
PLAKA-MD,2000,1,77,12.5
PLAKA-MD,2000,1,78,12.5
PLAKA-MD,2000,1,79,12.5
PLAKA-MD,2000,1,80,12.5
PLAKA-MD,2000,1,81,12.5
PLAKA-MD,2000,1,82,12.5
PLAKA-MD,2000,1,83,12.5
PLAKA-MD,2000,1,84,12.5
PLAKA-MD,2000,1,85,12.5
PLAKA-MD,2000,1,86,12.5
PLAKA-MD,2000,1,87,12.5
PLAKA-MD,2000,1,88,12.5
PLAKA-MD,2000,1,89,12.5
PLAKA-MD,2000,1,90,12.5
PLAKA-MD,2000,1,91,12.5
PLAKA-MD,2000,1,92,12.5
PLAKA-MD,2000,1,93,12.5
PLAKA-MD,2000,1,94,12.5
PLAKA-MD,2000,1,95,58.3
PLAKA-MD,2000,1,96,58.4
PLAKA-MD,2000,1,97,58.4
PLAKA-MD,2000,1,98,58.4
PLAKA-MD,2000,1,99,58.4
PLAKA-MD,2000,1,100,58.4
PLAKA-MD,2000,2,1,12.3
PLAKA-MD,2000,2,2,12.3
PLAKA-MD,2000,2,3,12.3
PLAKA-MD,2000,2,4,12.3
PLAKA-MD,2000,2,5,12.3
PLAKA-MD,2000,2,6,12.3
PLAKA-MD,2000,2,7,12.3
PLAKA-MD,2000,2,8,12.3
PLAKA-MD,2000,2,9,12.3
PLAKA-MD,2000,2,10,12.3
PLAKA-MD,2000,2,11,12.3
PLAKA-MD,2000,2,12,12.3
PLAKA-MD,2000,2,13,12.3
PLAKA-MD,2000,2,14,12.3
PLAKA-MD,2000,2,15,12.3
PLAKA-MD,2000,2,16,12.3
PLAKA-MD,2000,2,17,12.3
PLAKA-MD,2000,2,18,12.3
PLAKA-MD,2000,2,19,12.3
PLAKA-MD,2000,2,20,12.3
PLAKA-MD,2000,2,21,12.3
PLAKA-MD,2000,2,22,12.3
PLAKA-MD,2000,2,23,12.3
PLAKA-MD,2000,2,24,12.3
PLAKA-MD,2000,2,25,12.3
PLAKA-MD,2000,2,26,12.3
PLAKA-MD,2000,2,27,12.3
PLAKA-MD,2000,2,28,12.3
PLAKA-MD,2000,2,29,12.3
PLAKA-MD,2000,2,30,12.3
PLAKA-MD,2000,2,31,12.3
PLAKA-MD,2000,2,32,12.3
PLAKA-MD,2000,2,33,12.3
PLAKA-MD,2000,2,34,12.3
PLAKA-MD,2000,2,35,12.3
PLAKA-MD,2000,2,36,12.3
PLAKA-MD,2000,2,37,12.3
PLAKA-MD,2000,2,38,12.3
PLAKA-MD,2000,2,39,12.3
PLAKA-MD,2000,2,40,12.3
PLAKA-MD,2000,2,41,12.3
PLAKA-MD,2000,2,42,12.3
PLAKA-MD,2000,2,43,12.3
PLAKA-MD,2000,2,44,12.3
PLAKA-MD,2000,2,45,12.3
PLAKA-MD,2000,2,46,12.3
PLAKA-MD,2000,2,47,12.3
PLAKA-MD,2000,2,48,12.3
PLAKA-MD,2000,2,49,12.3
PLAKA-MD,2000,2,50,12.5
PLAKA-MD,2000,2,51,12.5
PLAKA-MD,2000,2,52,12.5
PLAKA-MD,2000,2,53,12.5
PLAKA-MD,2000,2,54,12.5
PLAKA-MD,2000,2,55,12.5
PLAKA-MD,2000,2,56,12.5
PLAKA-MD,2000,2,57,12.5
PLAKA-MD,2000,2,58,12.5
PLAKA-MD,2000,2,59,12.5
PLAKA-MD,2000,2,60,12.5
PLAKA-MD,2000,2,61,12.5
PLAKA-MD,2000,2,62,12.5
PLAKA-MD,2000,2,63,12.5
PLAKA-MD,2000,2,64,12.5
PLAKA-MD,2000,2,65,12.5
PLAKA-MD,2000,2,66,12.5
PLAKA-MD,2000,2,67,12.5
PLAKA-MD,2000,2,68,12.5
PLAKA-MD,2000,2,69,12.5
PLAKA-MD,2000,2,70,12.5
PLAKA-MD,2000,2,71,12.5
PLAKA-MD,2000,2,72,12.5
PLAKA-MD,2000,2,73,12.5
PLAKA-MD,2000,2,74,12.5
PLAKA-MD,2000,2,75,12.5
PLAKA-MD,2000,2,76,12.5
PLAKA-MD,2000,2,77,12.5
PLAKA-MD,2000,2,78,12.5
PLAKA-MD,2000,2,79,12.5
PLAKA-MD,2000,2,80,12.5
PLAKA-MD,2000,2,81,12.5
PLAKA-MD,2000,2,82,12.5
PLAKA-MD,2000,2,83,12.5
PLAKA-MD,2000,2,84,12.5
PLAKA-MD,2000,2,85,12.5
PLAKA-MD,2000,2,86,12.5
PLAKA-MD,2000,2,87,12.5
PLAKA-MD,2000,2,88,12.5
PLAKA-MD,2000,2,89,12.5
PLAKA-MD,2000,2,90,12.5
PLAKA-MD,2000,2,91,12.5
PLAKA-MD,2000,2,92,12.5
PLAKA-MD,2000,2,93,12.5
PLAKA-MD,2000,2,94,12.5
PLAKA-MD,2000,2,95,58.3
PLAKA-MD,2000,2,96,58.4
PLAKA-MD,2000,2,97,58.4
PLAKA-MD,2000,2,98,58.4
PLAKA-MD,2000,2,99,58.4
PLAKA-MD,2000,2,100,58.4
PLAKA-MD,2000,3,1,12.3
PLAKA-MD,2000,3,2,12.3
PLAKA-MD,2000,3,3,12.3
PLAKA-MD,2000,3,4,12.3
PLAKA-MD,2000,3,5,12.3
PLAKA-MD,2000,3,6,12.3
PLAKA-MD,2000,3,7,12.3
PLAKA-MD,2000,3,8,12.3
PLAKA-MD,2000,3,9,12.3
PLAKA-MD,2000,3,10,12.3
PLAKA-MD,2000,3,11,12.3
PLAKA-MD,2000,3,12,12.3
PLAKA-MD,2000,3,13,12.3
PLAKA-MD,2000,3,14,12.3
PLAKA-MD,2000,3,15,12.3
PLAKA-MD,2000,3,16,12.3
PLAKA-MD,2000,3,17,12.3
PLAKA-MD,2000,3,18,12.3
PLAKA-MD,2000,3,19,12.3
PLAKA-MD,2000,3,20,12.3
PLAKA-MD,2000,3,21,12.3
PLAKA-MD,2000,3,22,12.3
PLAKA-MD,2000,3,23,12.3
PLAKA-MD,2000,3,24,12.3
PLAKA-MD,2000,3,25,12.3
PLAKA-MD,2000,3,26,12.3
PLAKA-MD,2000,3,27,12.3
PLAKA-MD,2000,3,28,12.3
PLAKA-MD,2000,3,29,12.3
PLAKA-MD,2000,3,30,12.3
PLAKA-MD,2000,3,31,12.3
PLAKA-MD,2000,3,32,12.3
PLAKA-MD,2000,3,33,12.3
PLAKA-MD,2000,3,34,12.3
PLAKA-MD,2000,3,35,12.3
PLAKA-MD,2000,3,36,12.3
PLAKA-MD,2000,3,37,12.3
PLAKA-MD,2000,3,38,12.3
PLAKA-MD,2000,3,39,12.3
PLAKA-MD,2000,3,40,12.3
PLAKA-MD,2000,3,41,12.3
PLAKA-MD,2000,3,42,12.3
PLAKA-MD,2000,3,43,12.3
PLAKA-MD,2000,3,44,12.3
PLAKA-MD,2000,3,45,12.3
PLAKA-MD,2000,3,46,12.3
PLAKA-MD,2000,3,47,12.3
PLAKA-MD,2000,3,48,12.3
PLAKA-MD,2000,3,49,12.3
PLAKA-MD,2000,3,50,12.5
PLAKA-MD,2000,3,51,12.5
PLAKA-MD,2000,3,52,12.5
PLAKA-MD,2000,3,53,12.5
PLAKA-MD,2000,3,54,12.5
PLAKA-MD,2000,3,55,12.5
PLAKA-MD,2000,3,56,12.5
PLAKA-MD,2000,3,57,12.5
PLAKA-MD,2000,3,58,12.5
PLAKA-MD,2000,3,59,12.5
PLAKA-MD,2000,3,60,12.5
PLAKA-MD,2000,3,61,12.5
PLAKA-MD,2000,3,62,12.5
PLAKA-MD,2000,3,63,12.5
PLAKA-MD,2000,3,64,12.5
PLAKA-MD,2000,3,65,12.5
PLAKA-MD,2000,3,66,12.5
PLAKA-MD,2000,3,67,12.5
PLAKA-MD,2000,3,68,12.5
PLAKA-MD,2000,3,69,12.5
PLAKA-MD,2000,3,70,12.5
PLAKA-MD,2000,3,71,12.5
PLAKA-MD,2000,3,72,12.5
PLAKA-MD,2000,3,73,12.5
PLAKA-MD,2000,3,74,12.5
PLAKA-MD,2000,3,75,12.5
PLAKA-MD,2000,3,76,12.5
PLAKA-MD,2000,3,77,12.5
PLAKA-MD,2000,3,78,12.5
PLAKA-MD,2000,3,79,12.5
PLAKA-MD,2000,3,80,12.5
PLAKA-MD,2000,3,81,12.5
PLAKA-MD,2000,3,82,12.5
PLAKA-MD,2000,3,83,12.5
PLAKA-MD,2000,3,84,12.5
PLAKA-MD,2000,3,85,12.5
PLAKA-MD,2000,3,86,12.5
PLAKA-MD,2000,3,87,12.5
PLAKA-MD,2000,3,88,12.5
PLAKA-MD,2000,3,89,12.5
PLAKA-MD,2000,3,90,12.5
PLAKA-MD,2000,3,91,12.5
PLAKA-MD,2000,3,92,12.5
PLAKA-MD,2000,3,93,12.5
PLAKA-MD,2000,3,94,12.5
PLAKA-MD,2000,3,95,58.3
PLAKA-MD,2000,3,96,58.4
PLAKA-MD,2000,3,97,58.4
PLAKA-MD,2000,3,98,58.4
PLAKA-MD,2000,3,99,58.4
PLAKA-MD,2000,3,100,58.4
PLAKA-MD,5000,1,1,35.4
PLAKA-MD,5000,1,2,35.4
PLAKA-MD,5000,1,3,35.4
PLAKA-MD,5000,1,4,35.4
PLAKA-MD,5000,1,5,35.4
PLAKA-MD,5000,1,6,35.4
PLAKA-MD,5000,1,7,35.4
PLAKA-MD,5000,1,8,35.4
PLAKA-MD,5000,1,9,35.4
PLAKA-MD,5000,1,10,35.4
PLAKA-MD,5000,1,11,35.4
PLAKA-MD,5000,1,12,35.4
PLAKA-MD,5000,1,13,35.4
PLAKA-MD,5000,1,14,35.4
PLAKA-MD,5000,1,15,35.4
PLAKA-MD,5000,1,16,35.4
PLAKA-MD,5000,1,17,35.4
PLAKA-MD,5000,1,18,35.4
PLAKA-MD,5000,1,19,35.4
PLAKA-MD,5000,1,20,35.4
PLAKA-MD,5000,1,21,35.4
PLAKA-MD,5000,1,22,35.4
PLAKA-MD,5000,1,23,35.4
PLAKA-MD,5000,1,24,35.4
PLAKA-MD,5000,1,25,35.4
PLAKA-MD,5000,1,26,35.4
PLAKA-MD,5000,1,27,35.4
PLAKA-MD,5000,1,28,35.4
PLAKA-MD,5000,1,29,35.4
PLAKA-MD,5000,1,30,35.4
PLAKA-MD,5000,1,31,35.4
PLAKA-MD,5000,1,32,35.4
PLAKA-MD,5000,1,33,35.4
PLAKA-MD,5000,1,34,35.4
PLAKA-MD,5000,1,35,35.4
PLAKA-MD,5000,1,36,35.4
PLAKA-MD,5000,1,37,35.4
PLAKA-MD,5000,1,38,35.4
PLAKA-MD,5000,1,39,35.4
PLAKA-MD,5000,1,40,35.4
PLAKA-MD,5000,1,41,35.4
PLAKA-MD,5000,1,42,35.4
PLAKA-MD,5000,1,43,35.4
PLAKA-MD,5000,1,44,35.4
PLAKA-MD,5000,1,45,35.4
PLAKA-MD,5000,1,46,35.4
PLAKA-MD,5000,1,47,35.4
PLAKA-MD,5000,1,48,35.4
PLAKA-MD,5000,1,49,35.4
PLAKA-MD,5000,1,50,35.6
PLAKA-MD,5000,1,51,35.6
PLAKA-MD,5000,1,52,35.6
PLAKA-MD,5000,1,53,35.6
PLAKA-MD,5000,1,54,35.6
PLAKA-MD,5000,1,55,35.6
PLAKA-MD,5000,1,56,35.6
PLAKA-MD,5000,1,57,35.6
PLAKA-MD,5000,1,58,35.6
PLAKA-MD,5000,1,59,35.6
PLAKA-MD,5000,1,60,35.6
PLAKA-MD,5000,1,61,35.6
PLAKA-MD,5000,1,62,35.6
PLAKA-MD,5000,1,63,35.6
PLAKA-MD,5000,1,64,35.6
PLAKA-MD,5000,1,65,35.6
PLAKA-MD,5000,1,66,35.6
PLAKA-MD,5000,1,67,35.6
PLAKA-MD,5000,1,68,35.6
PLAKA-MD,5000,1,69,35.6
PLAKA-MD,5000,1,70,35.6
PLAKA-MD,5000,1,71,35.6
PLAKA-MD,5000,1,72,35.6
PLAKA-MD,5000,1,73,35.6
PLAKA-MD,5000,1,74,35.6
PLAKA-MD,5000,1,75,35.6
PLAKA-MD,5000,1,76,35.6
PLAKA-MD,5000,1,77,35.6
PLAKA-MD,5000,1,78,35.6
PLAKA-MD,5000,1,79,35.6
PLAKA-MD,5000,1,80,35.6
PLAKA-MD,5000,1,81,35.6
PLAKA-MD,5000,1,82,35.6
PLAKA-MD,5000,1,83,35.6
PLAKA-MD,5000,1,84,35.6
PLAKA-MD,5000,1,85,35.6
PLAKA-MD,5000,1,86,35.6
PLAKA-MD,5000,1,87,35.6
PLAKA-MD,5000,1,88,35.6
PLAKA-MD,5000,1,89,35.6
PLAKA-MD,5000,1,90,35.6
PLAKA-MD,5000,1,91,35.6
PLAKA-MD,5000,1,92,35.6
PLAKA-MD,5000,1,93,35.6
PLAKA-MD,5000,1,94,35.6
PLAKA-MD,5000,1,95,165
PLAKA-MD,5000,1,96,165.1
PLAKA-MD,5000,1,97,165.1
PLAKA-MD,5000,1,98,165.1
PLAKA-MD,5000,1,99,165.1
PLAKA-MD,5000,1,100,165.1
PLAKA-MD,5000,2,1,35.4
PLAKA-MD,5000,2,2,35.4
PLAKA-MD,5000,2,3,35.4
PLAKA-MD,5000,2,4,35.4
PLAKA-MD,5000,2,5,35.4
PLAKA-MD,5000,2,6,35.4
PLAKA-MD,5000,2,7,35.4
PLAKA-MD,5000,2,8,35.4
PLAKA-MD,5000,2,9,35.4
PLAKA-MD,5000,2,10,35.4
PLAKA-MD,5000,2,11,35.4
PLAKA-MD,5000,2,12,35.4
PLAKA-MD,5000,2,13,35.4
PLAKA-MD,5000,2,14,35.4
PLAKA-MD,5000,2,15,35.4
PLAKA-MD,5000,2,16,35.4
PLAKA-MD,5000,2,17,35.4
PLAKA-MD,5000,2,18,35.4
PLAKA-MD,5000,2,19,35.4
PLAKA-MD,5000,2,20,35.4
PLAKA-MD,5000,2,21,35.4
PLAKA-MD,5000,2,22,35.4
PLAKA-MD,5000,2,23,35.4
PLAKA-MD,5000,2,24,35.4
PLAKA-MD,5000,2,25,35.4
PLAKA-MD,5000,2,26,35.4
PLAKA-MD,5000,2,27,35.4
PLAKA-MD,5000,2,28,35.4
PLAKA-MD,5000,2,29,35.4
PLAKA-MD,5000,2,30,35.4
PLAKA-MD,5000,2,31,35.4
PLAKA-MD,5000,2,32,35.4
PLAKA-MD,5000,2,33,35.4
PLAKA-MD,5000,2,34,35.4
PLAKA-MD,5000,2,35,35.4
PLAKA-MD,5000,2,36,35.4
PLAKA-MD,5000,2,37,35.4
PLAKA-MD,5000,2,38,35.4
PLAKA-MD,5000,2,39,35.4
PLAKA-MD,5000,2,40,35.4
PLAKA-MD,5000,2,41,35.4
PLAKA-MD,5000,2,42,35.4
PLAKA-MD,5000,2,43,35.4
PLAKA-MD,5000,2,44,35.4
PLAKA-MD,5000,2,45,35.4
PLAKA-MD,5000,2,46,35.4
PLAKA-MD,5000,2,47,35.4
PLAKA-MD,5000,2,48,35.4
PLAKA-MD,5000,2,49,35.4
PLAKA-MD,5000,2,50,35.6
PLAKA-MD,5000,2,51,35.6
PLAKA-MD,5000,2,52,35.6
PLAKA-MD,5000,2,53,35.6
PLAKA-MD,5000,2,54,35.6
PLAKA-MD,5000,2,55,35.6
PLAKA-MD,5000,2,56,35.6
PLAKA-MD,5000,2,57,35.6
PLAKA-MD,5000,2,58,35.6
PLAKA-MD,5000,2,59,35.6
PLAKA-MD,5000,2,60,35.6
PLAKA-MD,5000,2,61,35.6
PLAKA-MD,5000,2,62,35.6
PLAKA-MD,5000,2,63,35.6
PLAKA-MD,5000,2,64,35.6
PLAKA-MD,5000,2,65,35.6
PLAKA-MD,5000,2,66,35.6
PLAKA-MD,5000,2,67,35.6
PLAKA-MD,5000,2,68,35.6
PLAKA-MD,5000,2,69,35.6
PLAKA-MD,5000,2,70,35.6
PLAKA-MD,5000,2,71,35.6
PLAKA-MD,5000,2,72,35.6
PLAKA-MD,5000,2,73,35.6
PLAKA-MD,5000,2,74,35.6
PLAKA-MD,5000,2,75,35.6
PLAKA-MD,5000,2,76,35.6
PLAKA-MD,5000,2,77,35.6
PLAKA-MD,5000,2,78,35.6
PLAKA-MD,5000,2,79,35.6
PLAKA-MD,5000,2,80,35.6
PLAKA-MD,5000,2,81,35.6
PLAKA-MD,5000,2,82,35.6
PLAKA-MD,5000,2,83,35.6
PLAKA-MD,5000,2,84,35.6
PLAKA-MD,5000,2,85,35.6
PLAKA-MD,5000,2,86,35.6
PLAKA-MD,5000,2,87,35.6
PLAKA-MD,5000,2,88,35.6
PLAKA-MD,5000,2,89,35.6
PLAKA-MD,5000,2,90,35.6
PLAKA-MD,5000,2,91,35.6
PLAKA-MD,5000,2,92,35.6
PLAKA-MD,5000,2,93,35.6
PLAKA-MD,5000,2,94,35.6
PLAKA-MD,5000,2,95,165
PLAKA-MD,5000,2,96,165.1
PLAKA-MD,5000,2,97,165.1
PLAKA-MD,5000,2,98,165.1
PLAKA-MD,5000,2,99,165.1
PLAKA-MD,5000,2,100,165.1
PLAKA-MD,5000,3,1,35.4
PLAKA-MD,5000,3,2,35.4
PLAKA-MD,5000,3,3,35.4
PLAKA-MD,5000,3,4,35.4
PLAKA-MD,5000,3,5,35.4
PLAKA-MD,5000,3,6,35.4
PLAKA-MD,5000,3,7,35.4
PLAKA-MD,5000,3,8,35.4
PLAKA-MD,5000,3,9,35.4
PLAKA-MD,5000,3,10,35.4
PLAKA-MD,5000,3,11,35.4
PLAKA-MD,5000,3,12,35.4
PLAKA-MD,5000,3,13,35.4
PLAKA-MD,5000,3,14,35.4
PLAKA-MD,5000,3,15,35.4
PLAKA-MD,5000,3,16,35.4
PLAKA-MD,5000,3,17,35.4
PLAKA-MD,5000,3,18,35.4
PLAKA-MD,5000,3,19,35.4
PLAKA-MD,5000,3,20,35.4
PLAKA-MD,5000,3,21,35.4
PLAKA-MD,5000,3,22,35.4
PLAKA-MD,5000,3,23,35.4
PLAKA-MD,5000,3,24,35.4
PLAKA-MD,5000,3,25,35.4
PLAKA-MD,5000,3,26,35.4
PLAKA-MD,5000,3,27,35.4
PLAKA-MD,5000,3,28,35.4
PLAKA-MD,5000,3,29,35.4
PLAKA-MD,5000,3,30,35.4
PLAKA-MD,5000,3,31,35.4
PLAKA-MD,5000,3,32,35.4
PLAKA-MD,5000,3,33,35.4
PLAKA-MD,5000,3,34,35.4
PLAKA-MD,5000,3,35,35.4
PLAKA-MD,5000,3,36,35.4
PLAKA-MD,5000,3,37,35.4
PLAKA-MD,5000,3,38,35.4
PLAKA-MD,5000,3,39,35.4
PLAKA-MD,5000,3,40,35.4
PLAKA-MD,5000,3,41,35.4
PLAKA-MD,5000,3,42,35.4
PLAKA-MD,5000,3,43,35.4
PLAKA-MD,5000,3,44,35.4
PLAKA-MD,5000,3,45,35.4
PLAKA-MD,5000,3,46,35.4
PLAKA-MD,5000,3,47,35.4
PLAKA-MD,5000,3,48,35.4
PLAKA-MD,5000,3,49,35.4
PLAKA-MD,5000,3,50,35.6
PLAKA-MD,5000,3,51,35.6
PLAKA-MD,5000,3,52,35.6
PLAKA-MD,5000,3,53,35.6
PLAKA-MD,5000,3,54,35.6
PLAKA-MD,5000,3,55,35.6
PLAKA-MD,5000,3,56,35.6
PLAKA-MD,5000,3,57,35.6
PLAKA-MD,5000,3,58,35.6
PLAKA-MD,5000,3,59,35.6
PLAKA-MD,5000,3,60,35.6
PLAKA-MD,5000,3,61,35.6
PLAKA-MD,5000,3,62,35.6
PLAKA-MD,5000,3,63,35.6
PLAKA-MD,5000,3,64,35.6
PLAKA-MD,5000,3,65,35.6
PLAKA-MD,5000,3,66,35.6
PLAKA-MD,5000,3,67,35.6
PLAKA-MD,5000,3,68,35.6
PLAKA-MD,5000,3,69,35.6
PLAKA-MD,5000,3,70,35.6
PLAKA-MD,5000,3,71,35.6
PLAKA-MD,5000,3,72,35.6
PLAKA-MD,5000,3,73,35.6
PLAKA-MD,5000,3,74,35.6
PLAKA-MD,5000,3,75,35.6
PLAKA-MD,5000,3,76,35.6
PLAKA-MD,5000,3,77,35.6
PLAKA-MD,5000,3,78,35.6
PLAKA-MD,5000,3,79,35.6
PLAKA-MD,5000,3,80,35.6
PLAKA-MD,5000,3,81,35.6
PLAKA-MD,5000,3,82,35.6
PLAKA-MD,5000,3,83,35.6
PLAKA-MD,5000,3,84,35.6
PLAKA-MD,5000,3,85,35.6
PLAKA-MD,5000,3,86,35.6
PLAKA-MD,5000,3,87,35.6
PLAKA-MD,5000,3,88,35.6
PLAKA-MD,5000,3,89,35.6
PLAKA-MD,5000,3,90,35.6
PLAKA-MD,5000,3,91,35.6
PLAKA-MD,5000,3,92,35.6
PLAKA-MD,5000,3,93,35.6
PLAKA-MD,5000,3,94,35.6
PLAKA-MD,5000,3,95,165
PLAKA-MD,5000,3,96,165.1
PLAKA-MD,5000,3,97,165.1
PLAKA-MD,5000,3,98,165.1
PLAKA-MD,5000,3,99,165.1
PLAKA-MD,5000,3,100,165.1
PLAKA-MD,10000,1,1,97.8
PLAKA-MD,10000,1,2,97.8
PLAKA-MD,10000,1,3,97.8
PLAKA-MD,10000,1,4,97.8
PLAKA-MD,10000,1,5,97.8
PLAKA-MD,10000,1,6,97.8
PLAKA-MD,10000,1,7,97.8
PLAKA-MD,10000,1,8,97.8
PLAKA-MD,10000,1,9,97.8
PLAKA-MD,10000,1,10,97.8
PLAKA-MD,10000,1,11,97.8
PLAKA-MD,10000,1,12,97.8
PLAKA-MD,10000,1,13,97.8
PLAKA-MD,10000,1,14,97.8
PLAKA-MD,10000,1,15,97.8
PLAKA-MD,10000,1,16,97.8
PLAKA-MD,10000,1,17,97.8
PLAKA-MD,10000,1,18,97.8
PLAKA-MD,10000,1,19,97.8
PLAKA-MD,10000,1,20,97.8
PLAKA-MD,10000,1,21,97.8
PLAKA-MD,10000,1,22,97.8
PLAKA-MD,10000,1,23,97.8
PLAKA-MD,10000,1,24,97.8
PLAKA-MD,10000,1,25,97.8
PLAKA-MD,10000,1,26,97.8
PLAKA-MD,10000,1,27,97.8
PLAKA-MD,10000,1,28,97.8
PLAKA-MD,10000,1,29,97.8
PLAKA-MD,10000,1,30,97.8
PLAKA-MD,10000,1,31,97.8
PLAKA-MD,10000,1,32,97.8
PLAKA-MD,10000,1,33,97.8
PLAKA-MD,10000,1,34,97.8
PLAKA-MD,10000,1,35,97.8
PLAKA-MD,10000,1,36,97.8
PLAKA-MD,10000,1,37,97.8
PLAKA-MD,10000,1,38,97.8
PLAKA-MD,10000,1,39,97.8
PLAKA-MD,10000,1,40,97.8
PLAKA-MD,10000,1,41,97.8
PLAKA-MD,10000,1,42,97.8
PLAKA-MD,10000,1,43,97.8
PLAKA-MD,10000,1,44,97.8
PLAKA-MD,10000,1,45,97.8
PLAKA-MD,10000,1,46,97.8
PLAKA-MD,10000,1,47,97.8
PLAKA-MD,10000,1,48,97.8
PLAKA-MD,10000,1,49,97.8
PLAKA-MD,10000,1,50,98
PLAKA-MD,10000,1,51,98
PLAKA-MD,10000,1,52,98
PLAKA-MD,10000,1,53,98
PLAKA-MD,10000,1,54,98
PLAKA-MD,10000,1,55,98
PLAKA-MD,10000,1,56,98
PLAKA-MD,10000,1,57,98
PLAKA-MD,10000,1,58,98
PLAKA-MD,10000,1,59,98
PLAKA-MD,10000,1,60,98
PLAKA-MD,10000,1,61,98
PLAKA-MD,10000,1,62,98
PLAKA-MD,10000,1,63,98
PLAKA-MD,10000,1,64,98
PLAKA-MD,10000,1,65,98
PLAKA-MD,10000,1,66,98
PLAKA-MD,10000,1,67,98
PLAKA-MD,10000,1,68,98
PLAKA-MD,10000,1,69,98
PLAKA-MD,10000,1,70,98
PLAKA-MD,10000,1,71,98
PLAKA-MD,10000,1,72,98
PLAKA-MD,10000,1,73,98
PLAKA-MD,10000,1,74,98
PLAKA-MD,10000,1,75,98
PLAKA-MD,10000,1,76,98
PLAKA-MD,10000,1,77,98
PLAKA-MD,10000,1,78,98
PLAKA-MD,10000,1,79,98
PLAKA-MD,10000,1,80,98
PLAKA-MD,10000,1,81,98
PLAKA-MD,10000,1,82,98
PLAKA-MD,10000,1,83,98
PLAKA-MD,10000,1,84,98
PLAKA-MD,10000,1,85,98
PLAKA-MD,10000,1,86,98
PLAKA-MD,10000,1,87,98
PLAKA-MD,10000,1,88,98
PLAKA-MD,10000,1,89,98
PLAKA-MD,10000,1,90,98
PLAKA-MD,10000,1,91,98
PLAKA-MD,10000,1,92,98
PLAKA-MD,10000,1,93,98
PLAKA-MD,10000,1,94,98
PLAKA-MD,10000,1,95,380
PLAKA-MD,10000,1,96,380.1
PLAKA-MD,10000,1,97,380.1
PLAKA-MD,10000,1,98,380.1
PLAKA-MD,10000,1,99,380.1
PLAKA-MD,10000,1,100,380.1
PLAKA-MD,10000,2,1,97.8
PLAKA-MD,10000,2,2,97.8
PLAKA-MD,10000,2,3,97.8
PLAKA-MD,10000,2,4,97.8
PLAKA-MD,10000,2,5,97.8
PLAKA-MD,10000,2,6,97.8
PLAKA-MD,10000,2,7,97.8
PLAKA-MD,10000,2,8,97.8
PLAKA-MD,10000,2,9,97.8
PLAKA-MD,10000,2,10,97.8
PLAKA-MD,10000,2,11,97.8
PLAKA-MD,10000,2,12,97.8
PLAKA-MD,10000,2,13,97.8
PLAKA-MD,10000,2,14,97.8
PLAKA-MD,10000,2,15,97.8
PLAKA-MD,10000,2,16,97.8
PLAKA-MD,10000,2,17,97.8
PLAKA-MD,10000,2,18,97.8
PLAKA-MD,10000,2,19,97.8
PLAKA-MD,10000,2,20,97.8
PLAKA-MD,10000,2,21,97.8
PLAKA-MD,10000,2,22,97.8
PLAKA-MD,10000,2,23,97.8
PLAKA-MD,10000,2,24,97.8
PLAKA-MD,10000,2,25,97.8
PLAKA-MD,10000,2,26,97.8
PLAKA-MD,10000,2,27,97.8
PLAKA-MD,10000,2,28,97.8
PLAKA-MD,10000,2,29,97.8
PLAKA-MD,10000,2,30,97.8
PLAKA-MD,10000,2,31,97.8
PLAKA-MD,10000,2,32,97.8
PLAKA-MD,10000,2,33,97.8
PLAKA-MD,10000,2,34,97.8
PLAKA-MD,10000,2,35,97.8
PLAKA-MD,10000,2,36,97.8
PLAKA-MD,10000,2,37,97.8
PLAKA-MD,10000,2,38,97.8
PLAKA-MD,10000,2,39,97.8
PLAKA-MD,10000,2,40,97.8
PLAKA-MD,10000,2,41,97.8
PLAKA-MD,10000,2,42,97.8
PLAKA-MD,10000,2,43,97.8
PLAKA-MD,10000,2,44,97.8
PLAKA-MD,10000,2,45,97.8
PLAKA-MD,10000,2,46,97.8
PLAKA-MD,10000,2,47,97.8
PLAKA-MD,10000,2,48,97.8
PLAKA-MD,10000,2,49,97.8
PLAKA-MD,10000,2,50,98
PLAKA-MD,10000,2,51,98
PLAKA-MD,10000,2,52,98
PLAKA-MD,10000,2,53,98
PLAKA-MD,10000,2,54,98
PLAKA-MD,10000,2,55,98
PLAKA-MD,10000,2,56,98
PLAKA-MD,10000,2,57,98
PLAKA-MD,10000,2,58,98
PLAKA-MD,10000,2,59,98
PLAKA-MD,10000,2,60,98
PLAKA-MD,10000,2,61,98
PLAKA-MD,10000,2,62,98
PLAKA-MD,10000,2,63,98
PLAKA-MD,10000,2,64,98
PLAKA-MD,10000,2,65,98
PLAKA-MD,10000,2,66,98
PLAKA-MD,10000,2,67,98
PLAKA-MD,10000,2,68,98
PLAKA-MD,10000,2,69,98
PLAKA-MD,10000,2,70,98
PLAKA-MD,10000,2,71,98
PLAKA-MD,10000,2,72,98
PLAKA-MD,10000,2,73,98
PLAKA-MD,10000,2,74,98
PLAKA-MD,10000,2,75,98
PLAKA-MD,10000,2,76,98
PLAKA-MD,10000,2,77,98
PLAKA-MD,10000,2,78,98
PLAKA-MD,10000,2,79,98
PLAKA-MD,10000,2,80,98
PLAKA-MD,10000,2,81,98
PLAKA-MD,10000,2,82,98
PLAKA-MD,10000,2,83,98
PLAKA-MD,10000,2,84,98
PLAKA-MD,10000,2,85,98
PLAKA-MD,10000,2,86,98
PLAKA-MD,10000,2,87,98
PLAKA-MD,10000,2,88,98
PLAKA-MD,10000,2,89,98
PLAKA-MD,10000,2,90,98
PLAKA-MD,10000,2,91,98
PLAKA-MD,10000,2,92,98
PLAKA-MD,10000,2,93,98
PLAKA-MD,10000,2,94,98
PLAKA-MD,10000,2,95,380
PLAKA-MD,10000,2,96,380.1
PLAKA-MD,10000,2,97,380.1
PLAKA-MD,10000,2,98,380.1
PLAKA-MD,10000,2,99,380.1
PLAKA-MD,10000,2,100,380.1
PLAKA-MD,10000,3,1,97.8
PLAKA-MD,10000,3,2,97.8
PLAKA-MD,10000,3,3,97.8
PLAKA-MD,10000,3,4,97.8
PLAKA-MD,10000,3,5,97.8
PLAKA-MD,10000,3,6,97.8
PLAKA-MD,10000,3,7,97.8
PLAKA-MD,10000,3,8,97.8
PLAKA-MD,10000,3,9,97.8
PLAKA-MD,10000,3,10,97.8
PLAKA-MD,10000,3,11,97.8
PLAKA-MD,10000,3,12,97.8
PLAKA-MD,10000,3,13,97.8
PLAKA-MD,10000,3,14,97.8
PLAKA-MD,10000,3,15,97.8
PLAKA-MD,10000,3,16,97.8
PLAKA-MD,10000,3,17,97.8
PLAKA-MD,10000,3,18,97.8
PLAKA-MD,10000,3,19,97.8
PLAKA-MD,10000,3,20,97.8
PLAKA-MD,10000,3,21,97.8
PLAKA-MD,10000,3,22,97.8
PLAKA-MD,10000,3,23,97.8
PLAKA-MD,10000,3,24,97.8
PLAKA-MD,10000,3,25,97.8
PLAKA-MD,10000,3,26,97.8
PLAKA-MD,10000,3,27,97.8
PLAKA-MD,10000,3,28,97.8
PLAKA-MD,10000,3,29,97.8
PLAKA-MD,10000,3,30,97.8
PLAKA-MD,10000,3,31,97.8
PLAKA-MD,10000,3,32,97.8
PLAKA-MD,10000,3,33,97.8
PLAKA-MD,10000,3,34,97.8
PLAKA-MD,10000,3,35,97.8
PLAKA-MD,10000,3,36,97.8
PLAKA-MD,10000,3,37,97.8
PLAKA-MD,10000,3,38,97.8
PLAKA-MD,10000,3,39,97.8
PLAKA-MD,10000,3,40,97.8
PLAKA-MD,10000,3,41,97.8
PLAKA-MD,10000,3,42,97.8
PLAKA-MD,10000,3,43,97.8
PLAKA-MD,10000,3,44,97.8
PLAKA-MD,10000,3,45,97.8
PLAKA-MD,10000,3,46,97.8
PLAKA-MD,10000,3,47,97.8
PLAKA-MD,10000,3,48,97.8
PLAKA-MD,10000,3,49,97.8
PLAKA-MD,10000,3,50,98
PLAKA-MD,10000,3,51,98
PLAKA-MD,10000,3,52,98
PLAKA-MD,10000,3,53,98
PLAKA-MD,10000,3,54,98
PLAKA-MD,10000,3,55,98
PLAKA-MD,10000,3,56,98
PLAKA-MD,10000,3,57,98
PLAKA-MD,10000,3,58,98
PLAKA-MD,10000,3,59,98
PLAKA-MD,10000,3,60,98
PLAKA-MD,10000,3,61,98
PLAKA-MD,10000,3,62,98
PLAKA-MD,10000,3,63,98
PLAKA-MD,10000,3,64,98
PLAKA-MD,10000,3,65,98
PLAKA-MD,10000,3,66,98
PLAKA-MD,10000,3,67,98
PLAKA-MD,10000,3,68,98
PLAKA-MD,10000,3,69,98
PLAKA-MD,10000,3,70,98
PLAKA-MD,10000,3,71,98
PLAKA-MD,10000,3,72,98
PLAKA-MD,10000,3,73,98
PLAKA-MD,10000,3,74,98
PLAKA-MD,10000,3,75,98
PLAKA-MD,10000,3,76,98
PLAKA-MD,10000,3,77,98
PLAKA-MD,10000,3,78,98
PLAKA-MD,10000,3,79,98
PLAKA-MD,10000,3,80,98
PLAKA-MD,10000,3,81,98
PLAKA-MD,10000,3,82,98
PLAKA-MD,10000,3,83,98
PLAKA-MD,10000,3,84,98
PLAKA-MD,10000,3,85,98
PLAKA-MD,10000,3,86,98
PLAKA-MD,10000,3,87,98
PLAKA-MD,10000,3,88,98
PLAKA-MD,10000,3,89,98
PLAKA-MD,10000,3,90,98
PLAKA-MD,10000,3,91,98
PLAKA-MD,10000,3,92,98
PLAKA-MD,10000,3,93,98
PLAKA-MD,10000,3,94,98
PLAKA-MD,10000,3,95,380
PLAKA-MD,10000,3,96,380.1
PLAKA-MD,10000,3,97,380.1
PLAKA-MD,10000,3,98,380.1
PLAKA-MD,10000,3,99,380.1
PLAKA-MD,10000,3,100,380.1
ERASMIS,10,1,1,2899.8
ERASMIS,10,1,2,2899.8
ERASMIS,10,1,3,2899.8
ERASMIS,10,1,4,2899.8
ERASMIS,10,1,5,2899.8
ERASMIS,10,1,6,2899.8
ERASMIS,10,1,7,2899.8
ERASMIS,10,1,8,2899.8
ERASMIS,10,1,9,2899.8
ERASMIS,10,1,10,2899.8
ERASMIS,10,1,11,2899.8
ERASMIS,10,1,12,2899.8
ERASMIS,10,1,13,2899.8
ERASMIS,10,1,14,2899.8
ERASMIS,10,1,15,2899.8
ERASMIS,10,1,16,2899.8
ERASMIS,10,1,17,2899.8
ERASMIS,10,1,18,2899.8
ERASMIS,10,1,19,2899.8
ERASMIS,10,1,20,2899.8
ERASMIS,10,1,21,2899.8
ERASMIS,10,1,22,2899.8
ERASMIS,10,1,23,2899.8
ERASMIS,10,1,24,2899.8
ERASMIS,10,1,25,2899.8
ERASMIS,10,1,26,2899.8
ERASMIS,10,1,27,2899.8
ERASMIS,10,1,28,2899.8
ERASMIS,10,1,29,2899.8
ERASMIS,10,1,30,2899.8
ERASMIS,10,1,31,2899.8
ERASMIS,10,1,32,2899.8
ERASMIS,10,1,33,2899.8
ERASMIS,10,1,34,2899.8
ERASMIS,10,1,35,2899.8
ERASMIS,10,1,36,2899.8
ERASMIS,10,1,37,2899.8
ERASMIS,10,1,38,2899.8
ERASMIS,10,1,39,2899.8
ERASMIS,10,1,40,2899.8
ERASMIS,10,1,41,2899.8
ERASMIS,10,1,42,2899.8
ERASMIS,10,1,43,2899.8
ERASMIS,10,1,44,2899.8
ERASMIS,10,1,45,2899.8
ERASMIS,10,1,46,2899.8
ERASMIS,10,1,47,2899.8
ERASMIS,10,1,48,2899.8
ERASMIS,10,1,49,2899.8
ERASMIS,10,1,50,2900
ERASMIS,10,1,51,2900
ERASMIS,10,1,52,2900
ERASMIS,10,1,53,2900
ERASMIS,10,1,54,2900
ERASMIS,10,1,55,2900
ERASMIS,10,1,56,2900
ERASMIS,10,1,57,2900
ERASMIS,10,1,58,2900
ERASMIS,10,1,59,2900
ERASMIS,10,1,60,2900
ERASMIS,10,1,61,2900
ERASMIS,10,1,62,2900
ERASMIS,10,1,63,2900
ERASMIS,10,1,64,2900
ERASMIS,10,1,65,2900
ERASMIS,10,1,66,2900
ERASMIS,10,1,67,2900
ERASMIS,10,1,68,2900
ERASMIS,10,1,69,2900
ERASMIS,10,1,70,2900
ERASMIS,10,1,71,2900
ERASMIS,10,1,72,2900
ERASMIS,10,1,73,2900
ERASMIS,10,1,74,2900
ERASMIS,10,1,75,2900
ERASMIS,10,1,76,2900
ERASMIS,10,1,77,2900
ERASMIS,10,1,78,2900
ERASMIS,10,1,79,2900
ERASMIS,10,1,80,2900
ERASMIS,10,1,81,2900
ERASMIS,10,1,82,2900
ERASMIS,10,1,83,2900
ERASMIS,10,1,84,2900
ERASMIS,10,1,85,2900
ERASMIS,10,1,86,2900
ERASMIS,10,1,87,2900
ERASMIS,10,1,88,2900
ERASMIS,10,1,89,2900
ERASMIS,10,1,90,2900
ERASMIS,10,1,91,2900
ERASMIS,10,1,92,2900
ERASMIS,10,1,93,2900
ERASMIS,10,1,94,2900
ERASMIS,10,1,95,2950
ERASMIS,10,1,96,2950.1
ERASMIS,10,1,97,2950.1
ERASMIS,10,1,98,2950.1
ERASMIS,10,1,99,2950.1
ERASMIS,10,1,100,2950.1
ERASMIS,10,2,1,2899.8
ERASMIS,10,2,2,2899.8
ERASMIS,10,2,3,2899.8
ERASMIS,10,2,4,2899.8
ERASMIS,10,2,5,2899.8
ERASMIS,10,2,6,2899.8
ERASMIS,10,2,7,2899.8
ERASMIS,10,2,8,2899.8
ERASMIS,10,2,9,2899.8
ERASMIS,10,2,10,2899.8
ERASMIS,10,2,11,2899.8
ERASMIS,10,2,12,2899.8
ERASMIS,10,2,13,2899.8
ERASMIS,10,2,14,2899.8
ERASMIS,10,2,15,2899.8
ERASMIS,10,2,16,2899.8
ERASMIS,10,2,17,2899.8
ERASMIS,10,2,18,2899.8
ERASMIS,10,2,19,2899.8
ERASMIS,10,2,20,2899.8
ERASMIS,10,2,21,2899.8
ERASMIS,10,2,22,2899.8
ERASMIS,10,2,23,2899.8
ERASMIS,10,2,24,2899.8
ERASMIS,10,2,25,2899.8
ERASMIS,10,2,26,2899.8
ERASMIS,10,2,27,2899.8
ERASMIS,10,2,28,2899.8
ERASMIS,10,2,29,2899.8
ERASMIS,10,2,30,2899.8
ERASMIS,10,2,31,2899.8
ERASMIS,10,2,32,2899.8
ERASMIS,10,2,33,2899.8
ERASMIS,10,2,34,2899.8
ERASMIS,10,2,35,2899.8
ERASMIS,10,2,36,2899.8
ERASMIS,10,2,37,2899.8
ERASMIS,10,2,38,2899.8
ERASMIS,10,2,39,2899.8
ERASMIS,10,2,40,2899.8
ERASMIS,10,2,41,2899.8
ERASMIS,10,2,42,2899.8
ERASMIS,10,2,43,2899.8
ERASMIS,10,2,44,2899.8
ERASMIS,10,2,45,2899.8
ERASMIS,10,2,46,2899.8
ERASMIS,10,2,47,2899.8
ERASMIS,10,2,48,2899.8
ERASMIS,10,2,49,2899.8
ERASMIS,10,2,50,2900
ERASMIS,10,2,51,2900
ERASMIS,10,2,52,2900
ERASMIS,10,2,53,2900
ERASMIS,10,2,54,2900
ERASMIS,10,2,55,2900
ERASMIS,10,2,56,2900
ERASMIS,10,2,57,2900
ERASMIS,10,2,58,2900
ERASMIS,10,2,59,2900
ERASMIS,10,2,60,2900
ERASMIS,10,2,61,2900
ERASMIS,10,2,62,2900
ERASMIS,10,2,63,2900
ERASMIS,10,2,64,2900
ERASMIS,10,2,65,2900
ERASMIS,10,2,66,2900
ERASMIS,10,2,67,2900
ERASMIS,10,2,68,2900
ERASMIS,10,2,69,2900
ERASMIS,10,2,70,2900
ERASMIS,10,2,71,2900
ERASMIS,10,2,72,2900
ERASMIS,10,2,73,2900
ERASMIS,10,2,74,2900
ERASMIS,10,2,75,2900
ERASMIS,10,2,76,2900
ERASMIS,10,2,77,2900
ERASMIS,10,2,78,2900
ERASMIS,10,2,79,2900
ERASMIS,10,2,80,2900
ERASMIS,10,2,81,2900
ERASMIS,10,2,82,2900
ERASMIS,10,2,83,2900
ERASMIS,10,2,84,2900
ERASMIS,10,2,85,2900
ERASMIS,10,2,86,2900
ERASMIS,10,2,87,2900
ERASMIS,10,2,88,2900
ERASMIS,10,2,89,2900
ERASMIS,10,2,90,2900
ERASMIS,10,2,91,2900
ERASMIS,10,2,92,2900
ERASMIS,10,2,93,2900
ERASMIS,10,2,94,2900
ERASMIS,10,2,95,2950
ERASMIS,10,2,96,2950.1
ERASMIS,10,2,97,2950.1
ERASMIS,10,2,98,2950.1
ERASMIS,10,2,99,2950.1
ERASMIS,10,2,100,2950.1
ERASMIS,10,3,1,2899.8
ERASMIS,10,3,2,2899.8
ERASMIS,10,3,3,2899.8
ERASMIS,10,3,4,2899.8
ERASMIS,10,3,5,2899.8
ERASMIS,10,3,6,2899.8
ERASMIS,10,3,7,2899.8
ERASMIS,10,3,8,2899.8
ERASMIS,10,3,9,2899.8
ERASMIS,10,3,10,2899.8
ERASMIS,10,3,11,2899.8
ERASMIS,10,3,12,2899.8
ERASMIS,10,3,13,2899.8
ERASMIS,10,3,14,2899.8
ERASMIS,10,3,15,2899.8
ERASMIS,10,3,16,2899.8
ERASMIS,10,3,17,2899.8
ERASMIS,10,3,18,2899.8
ERASMIS,10,3,19,2899.8
ERASMIS,10,3,20,2899.8
ERASMIS,10,3,21,2899.8
ERASMIS,10,3,22,2899.8
ERASMIS,10,3,23,2899.8
ERASMIS,10,3,24,2899.8
ERASMIS,10,3,25,2899.8
ERASMIS,10,3,26,2899.8
ERASMIS,10,3,27,2899.8
ERASMIS,10,3,28,2899.8
ERASMIS,10,3,29,2899.8
ERASMIS,10,3,30,2899.8
ERASMIS,10,3,31,2899.8
ERASMIS,10,3,32,2899.8
ERASMIS,10,3,33,2899.8
ERASMIS,10,3,34,2899.8
ERASMIS,10,3,35,2899.8
ERASMIS,10,3,36,2899.8
ERASMIS,10,3,37,2899.8
ERASMIS,10,3,38,2899.8
ERASMIS,10,3,39,2899.8
ERASMIS,10,3,40,2899.8
ERASMIS,10,3,41,2899.8
ERASMIS,10,3,42,2899.8
ERASMIS,10,3,43,2899.8
ERASMIS,10,3,44,2899.8
ERASMIS,10,3,45,2899.8
ERASMIS,10,3,46,2899.8
ERASMIS,10,3,47,2899.8
ERASMIS,10,3,48,2899.8
ERASMIS,10,3,49,2899.8
ERASMIS,10,3,50,2900
ERASMIS,10,3,51,2900
ERASMIS,10,3,52,2900
ERASMIS,10,3,53,2900
ERASMIS,10,3,54,2900
ERASMIS,10,3,55,2900
ERASMIS,10,3,56,2900
ERASMIS,10,3,57,2900
ERASMIS,10,3,58,2900
ERASMIS,10,3,59,2900
ERASMIS,10,3,60,2900
ERASMIS,10,3,61,2900
ERASMIS,10,3,62,2900
ERASMIS,10,3,63,2900
ERASMIS,10,3,64,2900
ERASMIS,10,3,65,2900
ERASMIS,10,3,66,2900
ERASMIS,10,3,67,2900
ERASMIS,10,3,68,2900
ERASMIS,10,3,69,2900
ERASMIS,10,3,70,2900
ERASMIS,10,3,71,2900
ERASMIS,10,3,72,2900
ERASMIS,10,3,73,2900
ERASMIS,10,3,74,2900
ERASMIS,10,3,75,2900
ERASMIS,10,3,76,2900
ERASMIS,10,3,77,2900
ERASMIS,10,3,78,2900
ERASMIS,10,3,79,2900
ERASMIS,10,3,80,2900
ERASMIS,10,3,81,2900
ERASMIS,10,3,82,2900
ERASMIS,10,3,83,2900
ERASMIS,10,3,84,2900
ERASMIS,10,3,85,2900
ERASMIS,10,3,86,2900
ERASMIS,10,3,87,2900
ERASMIS,10,3,88,2900
ERASMIS,10,3,89,2900
ERASMIS,10,3,90,2900
ERASMIS,10,3,91,2900
ERASMIS,10,3,92,2900
ERASMIS,10,3,93,2900
ERASMIS,10,3,94,2900
ERASMIS,10,3,95,2950
ERASMIS,10,3,96,2950.1
ERASMIS,10,3,97,2950.1
ERASMIS,10,3,98,2950.1
ERASMIS,10,3,99,2950.1
ERASMIS,10,3,100,2950.1
4F-IoMT,10,1,1,2909.8
4F-IoMT,10,1,2,2909.8
4F-IoMT,10,1,3,2909.8
4F-IoMT,10,1,4,2909.8
4F-IoMT,10,1,5,2909.8
4F-IoMT,10,1,6,2909.8
4F-IoMT,10,1,7,2909.8
4F-IoMT,10,1,8,2909.8
4F-IoMT,10,1,9,2909.8
4F-IoMT,10,1,10,2909.8
4F-IoMT,10,1,11,2909.8
4F-IoMT,10,1,12,2909.8
4F-IoMT,10,1,13,2909.8
4F-IoMT,10,1,14,2909.8
4F-IoMT,10,1,15,2909.8
4F-IoMT,10,1,16,2909.8
4F-IoMT,10,1,17,2909.8
4F-IoMT,10,1,18,2909.8
4F-IoMT,10,1,19,2909.8
4F-IoMT,10,1,20,2909.8
4F-IoMT,10,1,21,2909.8
4F-IoMT,10,1,22,2909.8
4F-IoMT,10,1,23,2909.8
4F-IoMT,10,1,24,2909.8
4F-IoMT,10,1,25,2909.8
4F-IoMT,10,1,26,2909.8
4F-IoMT,10,1,27,2909.8
4F-IoMT,10,1,28,2909.8
4F-IoMT,10,1,29,2909.8
4F-IoMT,10,1,30,2909.8
4F-IoMT,10,1,31,2909.8
4F-IoMT,10,1,32,2909.8
4F-IoMT,10,1,33,2909.8
4F-IoMT,10,1,34,2909.8
4F-IoMT,10,1,35,2909.8
4F-IoMT,10,1,36,2909.8
4F-IoMT,10,1,37,2909.8
4F-IoMT,10,1,38,2909.8
4F-IoMT,10,1,39,2909.8
4F-IoMT,10,1,40,2909.8
4F-IoMT,10,1,41,2909.8
4F-IoMT,10,1,42,2909.8
4F-IoMT,10,1,43,2909.8
4F-IoMT,10,1,44,2909.8
4F-IoMT,10,1,45,2909.8
4F-IoMT,10,1,46,2909.8
4F-IoMT,10,1,47,2909.8
4F-IoMT,10,1,48,2909.8
4F-IoMT,10,1,49,2909.8
4F-IoMT,10,1,50,2910
4F-IoMT,10,1,51,2910
4F-IoMT,10,1,52,2910
4F-IoMT,10,1,53,2910
4F-IoMT,10,1,54,2910
4F-IoMT,10,1,55,2910
4F-IoMT,10,1,56,2910
4F-IoMT,10,1,57,2910
4F-IoMT,10,1,58,2910
4F-IoMT,10,1,59,2910
4F-IoMT,10,1,60,2910
4F-IoMT,10,1,61,2910
4F-IoMT,10,1,62,2910
4F-IoMT,10,1,63,2910
4F-IoMT,10,1,64,2910
4F-IoMT,10,1,65,2910
4F-IoMT,10,1,66,2910
4F-IoMT,10,1,67,2910
4F-IoMT,10,1,68,2910
4F-IoMT,10,1,69,2910
4F-IoMT,10,1,70,2910
4F-IoMT,10,1,71,2910
4F-IoMT,10,1,72,2910
4F-IoMT,10,1,73,2910
4F-IoMT,10,1,74,2910
4F-IoMT,10,1,75,2910
4F-IoMT,10,1,76,2910
4F-IoMT,10,1,77,2910
4F-IoMT,10,1,78,2910
4F-IoMT,10,1,79,2910
4F-IoMT,10,1,80,2910
4F-IoMT,10,1,81,2910
4F-IoMT,10,1,82,2910
4F-IoMT,10,1,83,2910
4F-IoMT,10,1,84,2910
4F-IoMT,10,1,85,2910
4F-IoMT,10,1,86,2910
4F-IoMT,10,1,87,2910
4F-IoMT,10,1,88,2910
4F-IoMT,10,1,89,2910
4F-IoMT,10,1,90,2910
4F-IoMT,10,1,91,2910
4F-IoMT,10,1,92,2910
4F-IoMT,10,1,93,2910
4F-IoMT,10,1,94,2910
4F-IoMT,10,1,95,2960
4F-IoMT,10,1,96,2960.1
4F-IoMT,10,1,97,2960.1
4F-IoMT,10,1,98,2960.1
4F-IoMT,10,1,99,2960.1
4F-IoMT,10,1,100,2960.1
4F-IoMT,10,2,1,2909.8
4F-IoMT,10,2,2,2909.8
4F-IoMT,10,2,3,2909.8
4F-IoMT,10,2,4,2909.8
4F-IoMT,10,2,5,2909.8
4F-IoMT,10,2,6,2909.8
4F-IoMT,10,2,7,2909.8
4F-IoMT,10,2,8,2909.8
4F-IoMT,10,2,9,2909.8
4F-IoMT,10,2,10,2909.8
4F-IoMT,10,2,11,2909.8
4F-IoMT,10,2,12,2909.8
4F-IoMT,10,2,13,2909.8
4F-IoMT,10,2,14,2909.8
4F-IoMT,10,2,15,2909.8
4F-IoMT,10,2,16,2909.8
4F-IoMT,10,2,17,2909.8
4F-IoMT,10,2,18,2909.8
4F-IoMT,10,2,19,2909.8
4F-IoMT,10,2,20,2909.8
4F-IoMT,10,2,21,2909.8
4F-IoMT,10,2,22,2909.8
4F-IoMT,10,2,23,2909.8
4F-IoMT,10,2,24,2909.8
4F-IoMT,10,2,25,2909.8
4F-IoMT,10,2,26,2909.8
4F-IoMT,10,2,27,2909.8
4F-IoMT,10,2,28,2909.8
4F-IoMT,10,2,29,2909.8
4F-IoMT,10,2,30,2909.8
4F-IoMT,10,2,31,2909.8
4F-IoMT,10,2,32,2909.8
4F-IoMT,10,2,33,2909.8
4F-IoMT,10,2,34,2909.8
4F-IoMT,10,2,35,2909.8
4F-IoMT,10,2,36,2909.8
4F-IoMT,10,2,37,2909.8
4F-IoMT,10,2,38,2909.8
4F-IoMT,10,2,39,2909.8
4F-IoMT,10,2,40,2909.8
4F-IoMT,10,2,41,2909.8
4F-IoMT,10,2,42,2909.8
4F-IoMT,10,2,43,2909.8
4F-IoMT,10,2,44,2909.8
4F-IoMT,10,2,45,2909.8
4F-IoMT,10,2,46,2909.8
4F-IoMT,10,2,47,2909.8
4F-IoMT,10,2,48,2909.8
4F-IoMT,10,2,49,2909.8
4F-IoMT,10,2,50,2910
4F-IoMT,10,2,51,2910
4F-IoMT,10,2,52,2910
4F-IoMT,10,2,53,2910
4F-IoMT,10,2,54,2910
4F-IoMT,10,2,55,2910
4F-IoMT,10,2,56,2910
4F-IoMT,10,2,57,2910
4F-IoMT,10,2,58,2910
4F-IoMT,10,2,59,2910
4F-IoMT,10,2,60,2910
4F-IoMT,10,2,61,2910
4F-IoMT,10,2,62,2910
4F-IoMT,10,2,63,2910
4F-IoMT,10,2,64,2910
4F-IoMT,10,2,65,2910
4F-IoMT,10,2,66,2910
4F-IoMT,10,2,67,2910
4F-IoMT,10,2,68,2910
4F-IoMT,10,2,69,2910
4F-IoMT,10,2,70,2910
4F-IoMT,10,2,71,2910
4F-IoMT,10,2,72,2910
4F-IoMT,10,2,73,2910
4F-IoMT,10,2,74,2910
4F-IoMT,10,2,75,2910
4F-IoMT,10,2,76,2910
4F-IoMT,10,2,77,2910
4F-IoMT,10,2,78,2910
4F-IoMT,10,2,79,2910
4F-IoMT,10,2,80,2910
4F-IoMT,10,2,81,2910
4F-IoMT,10,2,82,2910
4F-IoMT,10,2,83,2910
4F-IoMT,10,2,84,2910
4F-IoMT,10,2,85,2910
4F-IoMT,10,2,86,2910
4F-IoMT,10,2,87,2910
4F-IoMT,10,2,88,2910
4F-IoMT,10,2,89,2910
4F-IoMT,10,2,90,2910
4F-IoMT,10,2,91,2910
4F-IoMT,10,2,92,2910
4F-IoMT,10,2,93,2910
4F-IoMT,10,2,94,2910
4F-IoMT,10,2,95,2960
4F-IoMT,10,2,96,2960.1
4F-IoMT,10,2,97,2960.1
4F-IoMT,10,2,98,2960.1
4F-IoMT,10,2,99,2960.1
4F-IoMT,10,2,100,2960.1
4F-IoMT,10,3,1,2909.8
4F-IoMT,10,3,2,2909.8
4F-IoMT,10,3,3,2909.8
4F-IoMT,10,3,4,2909.8
4F-IoMT,10,3,5,2909.8
4F-IoMT,10,3,6,2909.8
4F-IoMT,10,3,7,2909.8
4F-IoMT,10,3,8,2909.8
4F-IoMT,10,3,9,2909.8
4F-IoMT,10,3,10,2909.8
4F-IoMT,10,3,11,2909.8
4F-IoMT,10,3,12,2909.8
4F-IoMT,10,3,13,2909.8
4F-IoMT,10,3,14,2909.8
4F-IoMT,10,3,15,2909.8
4F-IoMT,10,3,16,2909.8
4F-IoMT,10,3,17,2909.8
4F-IoMT,10,3,18,2909.8
4F-IoMT,10,3,19,2909.8
4F-IoMT,10,3,20,2909.8
4F-IoMT,10,3,21,2909.8
4F-IoMT,10,3,22,2909.8
4F-IoMT,10,3,23,2909.8
4F-IoMT,10,3,24,2909.8
4F-IoMT,10,3,25,2909.8
4F-IoMT,10,3,26,2909.8
4F-IoMT,10,3,27,2909.8
4F-IoMT,10,3,28,2909.8
4F-IoMT,10,3,29,2909.8
4F-IoMT,10,3,30,2909.8
4F-IoMT,10,3,31,2909.8
4F-IoMT,10,3,32,2909.8
4F-IoMT,10,3,33,2909.8
4F-IoMT,10,3,34,2909.8
4F-IoMT,10,3,35,2909.8
4F-IoMT,10,3,36,2909.8
4F-IoMT,10,3,37,2909.8
4F-IoMT,10,3,38,2909.8
4F-IoMT,10,3,39,2909.8
4F-IoMT,10,3,40,2909.8
4F-IoMT,10,3,41,2909.8
4F-IoMT,10,3,42,2909.8
4F-IoMT,10,3,43,2909.8
4F-IoMT,10,3,44,2909.8
4F-IoMT,10,3,45,2909.8
4F-IoMT,10,3,46,2909.8
4F-IoMT,10,3,47,2909.8
4F-IoMT,10,3,48,2909.8
4F-IoMT,10,3,49,2909.8
4F-IoMT,10,3,50,2910
4F-IoMT,10,3,51,2910
4F-IoMT,10,3,52,2910
4F-IoMT,10,3,53,2910
4F-IoMT,10,3,54,2910
4F-IoMT,10,3,55,2910
4F-IoMT,10,3,56,2910
4F-IoMT,10,3,57,2910
4F-IoMT,10,3,58,2910
4F-IoMT,10,3,59,2910
4F-IoMT,10,3,60,2910
4F-IoMT,10,3,61,2910
4F-IoMT,10,3,62,2910
4F-IoMT,10,3,63,2910
4F-IoMT,10,3,64,2910
4F-IoMT,10,3,65,2910
4F-IoMT,10,3,66,2910
4F-IoMT,10,3,67,2910
4F-IoMT,10,3,68,2910
4F-IoMT,10,3,69,2910
4F-IoMT,10,3,70,2910
4F-IoMT,10,3,71,2910
4F-IoMT,10,3,72,2910
4F-IoMT,10,3,73,2910
4F-IoMT,10,3,74,2910
4F-IoMT,10,3,75,2910
4F-IoMT,10,3,76,2910
4F-IoMT,10,3,77,2910
4F-IoMT,10,3,78,2910
4F-IoMT,10,3,79,2910
4F-IoMT,10,3,80,2910
4F-IoMT,10,3,81,2910
4F-IoMT,10,3,82,2910
4F-IoMT,10,3,83,2910
4F-IoMT,10,3,84,2910
4F-IoMT,10,3,85,2910
4F-IoMT,10,3,86,2910
4F-IoMT,10,3,87,2910
4F-IoMT,10,3,88,2910
4F-IoMT,10,3,89,2910
4F-IoMT,10,3,90,2910
4F-IoMT,10,3,91,2910
4F-IoMT,10,3,92,2910
4F-IoMT,10,3,93,2910
4F-IoMT,10,3,94,2910
4F-IoMT,10,3,95,2960
4F-IoMT,10,3,96,2960.1
4F-IoMT,10,3,97,2960.1
4F-IoMT,10,3,98,2960.1
4F-IoMT,10,3,99,2960.1
4F-IoMT,10,3,100,2960.1
