protocol,run,imd_ms,patient_ms,server_ms,total_ms
MedAuth,1,33.250890445,1.330090045,0.580050025,41.071120561
MedAuth,2,35.029109555,1.509909955,0.679949975,43.308879439
MedAuth,3,33.250890445,1.330090045,0.580050025,41.071120561
MedAuth,4,35.029109555,1.509909955,0.679949975,43.308879439
MedAuth,5,33.250890445,1.330090045,0.580050025,41.071120561
MedAuth,6,35.029109555,1.509909955,0.679949975,43.308879439
MedAuth,7,33.250890445,1.330090045,0.580050025,41.071120561
MedAuth,8,35.029109555,1.509909955,0.679949975,43.308879439
MedAuth,9,33.250890445,1.330090045,0.580050025,41.071120561
MedAuth,10,35.029109555,1.509909955,0.679949975,43.308879439
MedAuth,11,33.250890445,1.330090045,0.580050025,41.071120561
MedAuth,12,35.029109555,1.509909955,0.679949975,43.308879439
MedAuth,13,33.250890445,1.330090045,0.580050025,41.071120561
MedAuth,14,35.029109555,1.509909955,0.679949975,43.308879439
MedAuth,15,33.250890445,1.330090045,0.580050025,41.071120561
MedAuth,16,35.029109555,1.509909955,0.679949975,43.308879439
MedAuth,17,33.250890445,1.330090045,0.580050025,41.071120561
MedAuth,18,35.029109555,1.509909955,0.679949975,43.308879439
MedAuth,19,33.250890445,1.330090045,0.580050025,41.071120561
MedAuth,20,35.029109555,1.509909955,0.679949975,43.308879439
MedAuth,21,33.250890445,1.330090045,0.580050025,41.071120561
MedAuth,22,35.029109555,1.509909955,0.679949975,43.308879439
MedAuth,23,33.250890445,1.330090045,0.580050025,41.071120561
MedAuth,24,35.029109555,1.509909955,0.679949975,43.308879439
MedAuth,25,33.250890445,1.330090045,0.580050025,41.071120561
MedAuth,26,35.029109555,1.509909955,0.679949975,43.308879439
MedAuth,27,33.250890445,1.330090045,0.580050025,41.071120561
MedAuth,28,35.029109555,1.509909955,0.679949975,43.308879439
MedAuth,29,33.250890445,1.330090045,0.580050025,41.071120561
MedAuth,30,35.029109555,1.509909955,0.679949975,43.308879439
MedAuth,31,33.250890445,1.330090045,0.580050025,41.071120561
MedAuth,32,35.029109555,1.509909955,0.679949975,43.308879439
MedAuth,33,33.250890445,1.330090045,0.580050025,41.071120561
MedAuth,34,35.029109555,1.509909955,0.679949975,43.308879439
MedAuth,35,33.250890445,1.330090045,0.580050025,41.071120561
MedAuth,36,35.029109555,1.509909955,0.679949975,43.308879439
MedAuth,37,33.250890445,1.330090045,0.580050025,41.071120561
MedAuth,38,35.029109555,1.509909955,0.679949975,43.308879439
MedAuth,39,33.250890445,1.330090045,0.580050025,41.071120561
MedAuth,40,35.029109555,1.509909955,0.679949975,43.308879439
MedAuth,41,33.250890445,1.330090045,0.580050025,41.071120561
MedAuth,42,35.029109555,1.509909955,0.679949975,43.308879439
MedAuth,43,33.250890445,1.330090045,0.580050025,41.071120561
MedAuth,44,35.029109555,1.509909955,0.679949975,43.308879439
MedAuth,45,33.250890445,1.330090045,0.580050025,41.071120561
MedAuth,46,35.029109555,1.509909955,0.679949975,43.308879439
MedAuth,47,33.250890445,1.330090045,0.580050025,41.071120561
MedAuth,48,35.029109555,1.509909955,0.679949975,43.308879439
MedAuth,49,33.250890445,1.330090045,0.580050025,41.071120561
MedAuth,50,35.029109555,1.509909955,0.679949975,43.308879439
MedAuth,51,33.250890445,1.330090045,0.580050025,41.071120561
MedAuth,52,35.029109555,1.509909955,0.679949975,43.308879439
MedAuth,53,33.250890445,1.330090045,0.580050025,41.071120561
MedAuth,54,35.029109555,1.509909955,0.679949975,43.308879439
MedAuth,55,33.250890445,1.330090045,0.580050025,41.071120561
MedAuth,56,35.029109555,1.509909955,0.679949975,43.308879439
MedAuth,57,33.250890445,1.330090045,0.580050025,41.071120561
MedAuth,58,35.029109555,1.509909955,0.679949975,43.308879439
MedAuth,59,33.250890445,1.330090045,0.580050025,41.071120561
MedAuth,60,35.029109555,1.509909955,0.679949975,43.308879439
MedAuth,61,33.250890445,1.330090045,0.580050025,41.071120561
MedAuth,62,35.029109555,1.509909955,0.679949975,43.308879439
MedAuth,63,33.250890445,1.330090045,0.580050025,41.071120561
MedAuth,64,35.029109555,1.509909955,0.679949975,43.308879439
MedAuth,65,33.250890445,1.330090045,0.580050025,41.071120561
MedAuth,66,35.029109555,1.509909955,0.679949975,43.308879439
MedAuth,67,33.250890445,1.330090045,0.580050025,41.071120561
MedAuth,68,35.029109555,1.509909955,0.679949975,43.308879439
MedAuth,69,33.250890445,1.330090045,0.580050025,41.071120561
MedAuth,70,35.029109555,1.509909955,0.679949975,43.308879439
MedAuth,71,33.250890445,1.330090045,0.580050025,41.071120561
MedAuth,72,35.029109555,1.509909955,0.679949975,43.308879439
MedAuth,73,33.250890445,1.330090045,0.580050025,41.071120561
MedAuth,74,35.029109555,1.509909955,0.679949975,43.308879439
MedAuth,75,33.250890445,1.330090045,0.580050025,41.071120561
MedAuth,76,35.029109555,1.509909955,0.679949975,43.308879439
MedAuth,77,33.250890445,1.330090045,0.580050025,41.071120561
MedAuth,78,35.029109555,1.509909955,0.679949975,43.308879439
MedAuth,79,33.250890445,1.330090045,0.580050025,41.071120561
MedAuth,80,35.029109555,1.509909955,0.679949975,43.308879439
MedAuth,81,33.250890445,1.330090045,0.580050025,41.071120561
MedAuth,82,35.029109555,1.509909955,0.679949975,43.308879439
MedAuth,83,33.250890445,1.330090045,0.580050025,41.071120561
MedAuth,84,35.029109555,1.509909955,0.679949975,43.308879439
MedAuth,85,33.250890445,1.330090045,0.580050025,41.071120561
MedAuth,86,35.029109555,1.509909955,0.679949975,43.308879439
MedAuth,87,33.250890445,1.330090045,0.580050025,41.071120561
MedAuth,88,35.029109555,1.509909955,0.679949975,43.308879439
MedAuth,89,33.250890445,1.330090045,0.580050025,41.071120561
MedAuth,90,35.029109555,1.509909955,0.679949975,43.308879439
MedAuth,91,33.250890445,1.330090045,0.580050025,41.071120561
MedAuth,92,35.029109555,1.509909955,0.679949975,43.308879439
MedAuth,93,33.250890445,1.330090045,0.580050025,41.071120561
MedAuth,94,35.029109555,1.509909955,0.679949975,43.308879439
MedAuth,95,33.250890445,1.330090045,0.580050025,41.071120561
MedAuth,96,35.029109555,1.509909955,0.679949975,43.308879439
MedAuth,97,33.250890445,1.330090045,0.580050025,41.071120561
MedAuth,98,35.029109555,1.509909955,0.679949975,43.308879439
MedAuth,99,33.250890445,1.330090045,0.580050025,41.071120561
MedAuth,100,35.029109555,1.509909955,0.679949975,43.308879439
MedAuth,101,33.250890445,1.330090045,0.580050025,41.071120561
MedAuth,102,35.029109555,1.509909955,0.679949975,43.308879439
MedAuth,103,33.250890445,1.330090045,0.580050025,41.071120561
MedAuth,104,35.029109555,1.509909955,0.679949975,43.308879439
MedAuth,105,33.250890445,1.330090045,0.580050025,41.071120561
MedAuth,106,35.029109555,1.509909955,0.679949975,43.308879439
MedAuth,107,33.250890445,1.330090045,0.580050025,41.071120561
MedAuth,108,35.029109555,1.509909955,0.679949975,43.308879439
MedAuth,109,33.250890445,1.330090045,0.580050025,41.071120561
MedAuth,110,35.029109555,1.509909955,0.679949975,43.308879439
MedAuth,111,33.250890445,1.330090045,0.580050025,41.071120561
MedAuth,112,35.029109555,1.509909955,0.679949975,43.308879439
MedAuth,113,33.250890445,1.330090045,0.580050025,41.071120561
MedAuth,114,35.029109555,1.509909955,0.679949975,43.308879439
MedAuth,115,33.250890445,1.330090045,0.580050025,41.071120561
MedAuth,116,35.029109555,1.509909955,0.679949975,43.308879439
MedAuth,117,33.250890445,1.330090045,0.580050025,41.071120561
MedAuth,118,35.029109555,1.509909955,0.679949975,43.308879439
MedAuth,119,33.250890445,1.330090045,0.580050025,41.071120561
MedAuth,120,35.029109555,1.509909955,0.679949975,43.308879439
MedAuth,121,33.250890445,1.330090045,0.580050025,41.071120561
MedAuth,122,35.029109555,1.509909955,0.679949975,43.308879439
MedAuth,123,33.250890445,1.330090045,0.580050025,41.071120561
MedAuth,124,35.029109555,1.509909955,0.679949975,43.308879439
MedAuth,125,33.250890445,1.330090045,0.580050025,41.071120561
MedAuth,126,35.029109555,1.509909955,0.679949975,43.308879439
MedAuth,127,33.250890445,1.330090045,0.580050025,41.071120561
MedAuth,128,35.029109555,1.509909955,0.679949975,43.308879439
MedAuth,129,33.250890445,1.330090045,0.580050025,41.071120561
MedAuth,130,35.029109555,1.509909955,0.679949975,43.308879439
MedAuth,131,33.250890445,1.330090045,0.580050025,41.071120561
MedAuth,132,35.029109555,1.509909955,0.679949975,43.308879439
MedAuth,133,33.250890445,1.330090045,0.580050025,41.071120561
MedAuth,134,35.029109555,1.509909955,0.679949975,43.308879439
MedAuth,135,33.250890445,1.330090045,0.580050025,41.071120561
MedAuth,136,35.029109555,1.509909955,0.679949975,43.308879439
MedAuth,137,33.250890445,1.330090045,0.580050025,41.071120561
MedAuth,138,35.029109555,1.509909955,0.679949975,43.308879439
MedAuth,139,33.250890445,1.330090045,0.580050025,41.071120561
MedAuth,140,35.029109555,1.509909955,0.679949975,43.308879439
MedAuth,141,33.250890445,1.330090045,0.580050025,41.071120561
MedAuth,142,35.029109555,1.509909955,0.679949975,43.308879439
MedAuth,143,33.250890445,1.330090045,0.580050025,41.071120561
MedAuth,144,35.029109555,1.509909955,0.679949975,43.308879439
MedAuth,145,33.250890445,1.330090045,0.580050025,41.071120561
MedAuth,146,35.029109555,1.509909955,0.679949975,43.308879439
MedAuth,147,33.250890445,1.330090045,0.580050025,41.071120561
MedAuth,148,35.029109555,1.509909955,0.679949975,43.308879439
MedAuth,149,33.250890445,1.330090045,0.580050025,41.071120561
MedAuth,150,35.029109555,1.509909955,0.679949975,43.308879439
MedAuth,151,33.250890445,1.330090045,0.580050025,41.071120561
MedAuth,152,35.029109555,1.509909955,0.679949975,43.308879439
MedAuth,153,33.250890445,1.330090045,0.580050025,41.071120561
MedAuth,154,35.029109555,1.509909955,0.679949975,43.308879439
MedAuth,155,33.250890445,1.330090045,0.580050025,41.071120561
MedAuth,156,35.029109555,1.509909955,0.679949975,43.308879439
MedAuth,157,33.250890445,1.330090045,0.580050025,41.071120561
MedAuth,158,35.029109555,1.509909955,0.679949975,43.308879439
MedAuth,159,33.250890445,1.330090045,0.580050025,41.071120561
MedAuth,160,35.029109555,1.509909955,0.679949975,43.308879439
MedAuth,161,33.250890445,1.330090045,0.580050025,41.071120561
MedAuth,162,35.029109555,1.509909955,0.679949975,43.308879439
MedAuth,163,33.250890445,1.330090045,0.580050025,41.071120561
MedAuth,164,35.029109555,1.509909955,0.679949975,43.308879439
MedAuth,165,33.250890445,1.330090045,0.580050025,41.071120561
MedAuth,166,35.029109555,1.509909955,0.679949975,43.308879439
MedAuth,167,33.250890445,1.330090045,0.580050025,41.071120561
MedAuth,168,35.029109555,1.509909955,0.679949975,43.308879439
MedAuth,169,33.250890445,1.330090045,0.580050025,41.071120561
MedAuth,170,35.029109555,1.509909955,0.679949975,43.308879439
MedAuth,171,33.250890445,1.330090045,0.580050025,41.071120561
MedAuth,172,35.029109555,1.509909955,0.679949975,43.308879439
MedAuth,173,33.250890445,1.330090045,0.580050025,41.071120561
MedAuth,174,35.029109555,1.509909955,0.679949975,43.308879439
MedAuth,175,33.250890445,1.330090045,0.580050025,41.071120561
MedAuth,176,35.029109555,1.509909955,0.679949975,43.308879439
MedAuth,177,33.250890445,1.330090045,0.580050025,41.071120561
MedAuth,178,35.029109555,1.509909955,0.679949975,43.308879439
MedAuth,179,33.250890445,1.330090045,0.580050025,41.071120561
MedAuth,180,35.029109555,1.509909955,0.679949975,43.308879439
MedAuth,181,33.250890445,1.330090045,0.580050025,41.071120561
MedAuth,182,35.029109555,1.509909955,0.679949975,43.308879439
MedAuth,183,33.250890445,1.330090045,0.580050025,41.071120561
MedAuth,184,35.029109555,1.509909955,0.679949975,43.308879439
MedAuth,185,33.250890445,1.330090045,0.580050025,41.071120561
MedAuth,186,35.029109555,1.509909955,0.679949975,43.308879439
MedAuth,187,33.250890445,1.330090045,0.580050025,41.071120561
MedAuth,188,35.029109555,1.509909955,0.679949975,43.308879439
MedAuth,189,33.250890445,1.330090045,0.580050025,41.071120561
MedAuth,190,35.029109555,1.509909955,0.679949975,43.308879439
MedAuth,191,33.250890445,1.330090045,0.580050025,41.071120561
MedAuth,192,35.029109555,1.509909955,0.679949975,43.308879439
MedAuth,193,33.250890445,1.330090045,0.580050025,41.071120561
MedAuth,194,35.029109555,1.509909955,0.679949975,43.308879439
MedAuth,195,33.250890445,1.330090045,0.580050025,41.071120561
MedAuth,196,35.029109555,1.509909955,0.679949975,43.308879439
MedAuth,197,33.250890445,1.330090045,0.580050025,41.071120561
MedAuth,198,35.029109555,1.509909955,0.679949975,43.308879439
MedAuth,199,33.250890445,1.330090045,0.580050025,41.071120561
MedAuth,200,35.029109555,1.509909955,0.679949975,43.308879439
MedAuth,201,33.250890445,1.330090045,0.580050025,41.071120561
MedAuth,202,35.029109555,1.509909955,0.679949975,43.308879439
MedAuth,203,33.250890445,1.330090045,0.580050025,41.071120561
MedAuth,204,35.029109555,1.509909955,0.679949975,43.308879439
MedAuth,205,33.250890445,1.330090045,0.580050025,41.071120561
MedAuth,206,35.029109555,1.509909955,0.679949975,43.308879439
MedAuth,207,33.250890445,1.330090045,0.580050025,41.071120561
MedAuth,208,35.029109555,1.509909955,0.679949975,43.308879439
MedAuth,209,33.250890445,1.330090045,0.580050025,41.071120561
MedAuth,210,35.029109555,1.509909955,0.679949975,43.308879439
MedAuth,211,33.250890445,1.330090045,0.580050025,41.071120561
MedAuth,212,35.029109555,1.509909955,0.679949975,43.308879439
MedAuth,213,33.250890445,1.330090045,0.580050025,41.071120561
MedAuth,214,35.029109555,1.509909955,0.679949975,43.308879439
MedAuth,215,33.250890445,1.330090045,0.580050025,41.071120561
MedAuth,216,35.029109555,1.509909955,0.679949975,43.308879439
MedAuth,217,33.250890445,1.330090045,0.580050025,41.071120561
MedAuth,218,35.029109555,1.509909955,0.679949975,43.308879439
MedAuth,219,33.250890445,1.330090045,0.580050025,41.071120561
MedAuth,220,35.029109555,1.509909955,0.679949975,43.308879439
MedAuth,221,33.250890445,1.330090045,0.580050025,41.071120561
MedAuth,222,35.029109555,1.509909955,0.679949975,43.308879439
MedAuth,223,33.250890445,1.330090045,0.580050025,41.071120561
MedAuth,224,35.029109555,1.509909955,0.679949975,43.308879439
MedAuth,225,33.250890445,1.330090045,0.580050025,41.071120561
MedAuth,226,35.029109555,1.509909955,0.679949975,43.308879439
MedAuth,227,33.250890445,1.330090045,0.580050025,41.071120561
MedAuth,228,35.029109555,1.509909955,0.679949975,43.308879439
MedAuth,229,33.250890445,1.330090045,0.580050025,41.071120561
MedAuth,230,35.029109555,1.509909955,0.679949975,43.308879439
MedAuth,231,33.250890445,1.330090045,0.580050025,41.071120561
MedAuth,232,35.029109555,1.509909955,0.679949975,43.308879439
MedAuth,233,33.250890445,1.330090045,0.580050025,41.071120561
MedAuth,234,35.029109555,1.509909955,0.679949975,43.308879439
MedAuth,235,33.250890445,1.330090045,0.580050025,41.071120561
MedAuth,236,35.029109555,1.509909955,0.679949975,43.308879439
MedAuth,237,33.250890445,1.330090045,0.580050025,41.071120561
MedAuth,238,35.029109555,1.509909955,0.679949975,43.308879439
MedAuth,239,33.250890445,1.330090045,0.580050025,41.071120561
MedAuth,240,35.029109555,1.509909955,0.679949975,43.308879439
MedAuth,241,33.250890445,1.330090045,0.580050025,41.071120561
MedAuth,242,35.029109555,1.509909955,0.679949975,43.308879439
MedAuth,243,33.250890445,1.330090045,0.580050025,41.071120561
MedAuth,244,35.029109555,1.509909955,0.679949975,43.308879439
MedAuth,245,33.250890445,1.330090045,0.580050025,41.071120561
MedAuth,246,35.029109555,1.509909955,0.679949975,43.308879439
MedAuth,247,33.250890445,1.330090045,0.580050025,41.071120561
MedAuth,248,35.029109555,1.509909955,0.679949975,43.308879439
MedAuth,249,33.250890445,1.330090045,0.580050025,41.071120561
MedAuth,250,35.029109555,1.509909955,0.679949975,43.308879439
MedAuth,251,33.250890445,1.330090045,0.580050025,41.071120561
MedAuth,252,35.029109555,1.509909955,0.679949975,43.308879439
MedAuth,253,33.250890445,1.330090045,0.580050025,41.071120561
MedAuth,254,35.029109555,1.509909955,0.679949975,43.308879439
MedAuth,255,33.250890445,1.330090045,0.580050025,41.071120561
MedAuth,256,35.029109555,1.509909955,0.679949975,43.308879439
MedAuth,257,33.250890445,1.330090045,0.580050025,41.071120561
MedAuth,258,35.029109555,1.509909955,0.679949975,43.308879439
MedAuth,259,33.250890445,1.330090045,0.580050025,41.071120561
MedAuth,260,35.029109555,1.509909955,0.679949975,43.308879439
MedAuth,261,33.250890445,1.330090045,0.580050025,41.071120561
MedAuth,262,35.029109555,1.509909955,0.679949975,43.308879439
MedAuth,263,33.250890445,1.330090045,0.580050025,41.071120561
MedAuth,264,35.029109555,1.509909955,0.679949975,43.308879439
MedAuth,265,33.250890445,1.330090045,0.580050025,41.071120561
MedAuth,266,35.029109555,1.509909955,0.679949975,43.308879439
MedAuth,267,33.250890445,1.330090045,0.580050025,41.071120561
MedAuth,268,35.029109555,1.509909955,0.679949975,43.308879439
MedAuth,269,33.250890445,1.330090045,0.580050025,41.071120561
MedAuth,270,35.029109555,1.509909955,0.679949975,43.308879439
MedAuth,271,33.250890445,1.330090045,0.580050025,41.071120561
MedAuth,272,35.029109555,1.509909955,0.679949975,43.308879439
MedAuth,273,33.250890445,1.330090045,0.580050025,41.071120561
MedAuth,274,35.029109555,1.509909955,0.679949975,43.308879439
MedAuth,275,33.250890445,1.330090045,0.580050025,41.071120561
MedAuth,276,35.029109555,1.509909955,0.679949975,43.308879439
MedAuth,277,33.250890445,1.330090045,0.580050025,41.071120561
MedAuth,278,35.029109555,1.509909955,0.679949975,43.308879439
MedAuth,279,33.250890445,1.330090045,0.580050025,41.071120561
MedAuth,280,35.029109555,1.509909955,0.679949975,43.308879439
MedAuth,281,33.250890445,1.330090045,0.580050025,41.071120561
MedAuth,282,35.029109555,1.509909955,0.679949975,43.308879439
MedAuth,283,33.250890445,1.330090045,0.580050025,41.071120561
MedAuth,284,35.029109555,1.509909955,0.679949975,43.308879439
MedAuth,285,33.250890445,1.330090045,0.580050025,41.071120561
MedAuth,286,35.029109555,1.509909955,0.679949975,43.308879439
MedAuth,287,33.250890445,1.330090045,0.580050025,41.071120561
MedAuth,288,35.029109555,1.509909955,0.679949975,43.308879439
MedAuth,289,33.250890445,1.330090045,0.580050025,41.071120561
MedAuth,290,35.029109555,1.509909955,0.679949975,43.308879439
MedAuth,291,33.250890445,1.330090045,0.580050025,41.071120561
MedAuth,292,35.029109555,1.509909955,0.679949975,43.308879439
MedAuth,293,33.250890445,1.330090045,0.580050025,41.071120561
MedAuth,294,35.029109555,1.509909955,0.679949975,43.308879439
MedAuth,295,33.250890445,1.330090045,0.580050025,41.071120561
MedAuth,296,35.029109555,1.509909955,0.679949975,43.308879439
MedAuth,297,33.250890445,1.330090045,0.580050025,41.071120561
MedAuth,298,35.029109555,1.509909955,0.679949975,43.308879439
MedAuth,299,33.250890445,1.330090045,0.580050025,41.071120561
MedAuth,300,35.029109555,1.509909955,0.679949975,43.308879439
MedAuth,301,33.250890445,1.330090045,0.580050025,41.071120561
MedAuth,302,35.029109555,1.509909955,0.679949975,43.308879439
MedAuth,303,33.250890445,1.330090045,0.580050025,41.071120561
MedAuth,304,35.029109555,1.509909955,0.679949975,43.308879439
MedAuth,305,33.250890445,1.330090045,0.580050025,41.071120561
MedAuth,306,35.029109555,1.509909955,0.679949975,43.308879439
MedAuth,307,33.250890445,1.330090045,0.580050025,41.071120561
MedAuth,308,35.029109555,1.509909955,0.679949975,43.308879439
MedAuth,309,33.250890445,1.330090045,0.580050025,41.071120561
MedAuth,310,35.029109555,1.509909955,0.679949975,43.308879439
MedAuth,311,33.250890445,1.330090045,0.580050025,41.071120561
MedAuth,312,35.029109555,1.509909955,0.679949975,43.308879439
MedAuth,313,33.250890445,1.330090045,0.580050025,41.071120561
MedAuth,314,35.029109555,1.509909955,0.679949975,43.308879439
MedAuth,315,33.250890445,1.330090045,0.580050025,41.071120561
MedAuth,316,35.029109555,1.509909955,0.679949975,43.308879439
MedAuth,317,33.250890445,1.330090045,0.580050025,41.071120561
MedAuth,318,35.029109555,1.509909955,0.679949975,43.308879439
MedAuth,319,33.250890445,1.330090045,0.580050025,41.071120561
MedAuth,320,35.029109555,1.509909955,0.679949975,43.308879439
MedAuth,321,33.250890445,1.330090045,0.580050025,41.071120561
MedAuth,322,35.029109555,1.509909955,0.679949975,43.308879439
MedAuth,323,33.250890445,1.330090045,0.580050025,41.071120561
MedAuth,324,35.029109555,1.509909955,0.679949975,43.308879439
MedAuth,325,33.250890445,1.330090045,0.580050025,41.071120561
MedAuth,326,35.029109555,1.509909955,0.679949975,43.308879439
MedAuth,327,33.250890445,1.330090045,0.580050025,41.071120561
MedAuth,328,35.029109555,1.509909955,0.679949975,43.308879439
MedAuth,329,33.250890445,1.330090045,0.580050025,41.071120561
MedAuth,330,35.029109555,1.509909955,0.679949975,43.308879439
MedAuth,331,33.250890445,1.330090045,0.580050025,41.071120561
MedAuth,332,35.029109555,1.509909955,0.679949975,43.308879439
MedAuth,333,33.250890445,1.330090045,0.580050025,41.071120561
MedAuth,334,35.029109555,1.509909955,0.679949975,43.308879439
MedAuth,335,33.250890445,1.330090045,0.580050025,41.071120561
MedAuth,336,35.029109555,1.509909955,0.679949975,43.308879439
MedAuth,337,33.250890445,1.330090045,0.580050025,41.071120561
MedAuth,338,35.029109555,1.509909955,0.679949975,43.308879439
MedAuth,339,33.250890445,1.330090045,0.580050025,41.071120561
MedAuth,340,35.029109555,1.509909955,0.679949975,43.308879439
MedAuth,341,33.250890445,1.330090045,0.580050025,41.071120561
MedAuth,342,35.029109555,1.509909955,0.679949975,43.308879439
MedAuth,343,33.250890445,1.330090045,0.580050025,41.071120561
MedAuth,344,35.029109555,1.509909955,0.679949975,43.308879439
MedAuth,345,33.250890445,1.330090045,0.580050025,41.071120561
MedAuth,346,35.029109555,1.509909955,0.679949975,43.308879439
MedAuth,347,33.250890445,1.330090045,0.580050025,41.071120561
MedAuth,348,35.029109555,1.509909955,0.679949975,43.308879439
MedAuth,349,33.250890445,1.330090045,0.580050025,41.071120561
MedAuth,350,35.029109555,1.509909955,0.679949975,43.308879439
MedAuth,351,33.250890445,1.330090045,0.580050025,41.071120561
MedAuth,352,35.029109555,1.509909955,0.679949975,43.308879439
MedAuth,353,33.250890445,1.330090045,0.580050025,41.071120561
MedAuth,354,35.029109555,1.509909955,0.679949975,43.308879439
MedAuth,355,33.250890445,1.330090045,0.580050025,41.071120561
MedAuth,356,35.029109555,1.509909955,0.679949975,43.308879439
MedAuth,357,33.250890445,1.330090045,0.580050025,41.071120561
MedAuth,358,35.029109555,1.509909955,0.679949975,43.308879439
MedAuth,359,33.250890445,1.330090045,0.580050025,41.071120561
MedAuth,360,35.029109555,1.509909955,0.679949975,43.308879439
MedAuth,361,33.250890445,1.330090045,0.580050025,41.071120561
MedAuth,362,35.029109555,1.509909955,0.679949975,43.308879439
MedAuth,363,33.250890445,1.330090045,0.580050025,41.071120561
MedAuth,364,35.029109555,1.509909955,0.679949975,43.308879439
MedAuth,365,33.250890445,1.330090045,0.580050025,41.071120561
MedAuth,366,35.029109555,1.509909955,0.679949975,43.308879439
MedAuth,367,33.250890445,1.330090045,0.580050025,41.071120561
MedAuth,368,35.029109555,1.509909955,0.679949975,43.308879439
MedAuth,369,33.250890445,1.330090045,0.580050025,41.071120561
MedAuth,370,35.029109555,1.509909955,0.679949975,43.308879439
MedAuth,371,33.250890445,1.330090045,0.580050025,41.071120561
MedAuth,372,35.029109555,1.509909955,0.679949975,43.308879439
MedAuth,373,33.250890445,1.330090045,0.580050025,41.071120561
MedAuth,374,35.029109555,1.509909955,0.679949975,43.308879439
MedAuth,375,33.250890445,1.330090045,0.580050025,41.071120561
MedAuth,376,35.029109555,1.509909955,0.679949975,43.308879439
MedAuth,377,33.250890445,1.330090045,0.580050025,41.071120561
MedAuth,378,35.029109555,1.509909955,0.679949975,43.308879439
MedAuth,379,33.250890445,1.330090045,0.580050025,41.071120561
MedAuth,380,35.029109555,1.509909955,0.679949975,43.308879439
MedAuth,381,33.250890445,1.330090045,0.580050025,41.071120561
MedAuth,382,35.029109555,1.509909955,0.679949975,43.308879439
MedAuth,383,33.250890445,1.330090045,0.580050025,41.071120561
MedAuth,384,35.029109555,1.509909955,0.679949975,43.308879439
MedAuth,385,33.250890445,1.330090045,0.580050025,41.071120561
MedAuth,386,35.029109555,1.509909955,0.679949975,43.308879439
MedAuth,387,33.250890445,1.330090045,0.580050025,41.071120561
MedAuth,388,35.029109555,1.509909955,0.679949975,43.308879439
MedAuth,389,33.250890445,1.330090045,0.580050025,41.071120561
MedAuth,390,35.029109555,1.509909955,0.679949975,43.308879439
MedAuth,391,33.250890445,1.330090045,0.580050025,41.071120561
MedAuth,392,35.029109555,1.509909955,0.679949975,43.308879439
MedAuth,393,33.250890445,1.330090045,0.580050025,41.071120561
MedAuth,394,35.029109555,1.509909955,0.679949975,43.308879439
MedAuth,395,33.250890445,1.330090045,0.580050025,41.071120561
MedAuth,396,35.029109555,1.509909955,0.679949975,43.308879439
MedAuth,397,33.250890445,1.330090045,0.580050025,41.071120561
MedAuth,398,35.029109555,1.509909955,0.679949975,43.308879439
MedAuth,399,33.250890445,1.330090045,0.580050025,41.071120561
MedAuth,400,35.029109555,1.509909955,0.679949975,43.308879439
MedAuth,401,33.250890445,1.330090045,0.580050025,41.071120561
MedAuth,402,35.029109555,1.509909955,0.679949975,43.308879439
MedAuth,403,33.250890445,1.330090045,0.580050025,41.071120561
MedAuth,404,35.029109555,1.509909955,0.679949975,43.308879439
MedAuth,405,33.250890445,1.330090045,0.580050025,41.071120561
MedAuth,406,35.029109555,1.509909955,0.679949975,43.308879439
MedAuth,407,33.250890445,1.330090045,0.580050025,41.071120561
MedAuth,408,35.029109555,1.509909955,0.679949975,43.308879439
MedAuth,409,33.250890445,1.330090045,0.580050025,41.071120561
MedAuth,410,35.029109555,1.509909955,0.679949975,43.308879439
MedAuth,411,33.250890445,1.330090045,0.580050025,41.071120561
MedAuth,412,35.029109555,1.509909955,0.679949975,43.308879439
MedAuth,413,33.250890445,1.330090045,0.580050025,41.071120561
MedAuth,414,35.029109555,1.509909955,0.679949975,43.308879439
MedAuth,415,33.250890445,1.330090045,0.580050025,41.071120561
MedAuth,416,35.029109555,1.509909955,0.679949975,43.308879439
MedAuth,417,33.250890445,1.330090045,0.580050025,41.071120561
MedAuth,418,35.029109555,1.509909955,0.679949975,43.308879439
MedAuth,419,33.250890445,1.330090045,0.580050025,41.071120561
MedAuth,420,35.029109555,1.509909955,0.679949975,43.308879439
MedAuth,421,33.250890445,1.330090045,0.580050025,41.071120561
MedAuth,422,35.029109555,1.509909955,0.679949975,43.308879439
MedAuth,423,33.250890445,1.330090045,0.580050025,41.071120561
MedAuth,424,35.029109555,1.509909955,0.679949975,43.308879439
MedAuth,425,33.250890445,1.330090045,0.580050025,41.071120561
MedAuth,426,35.029109555,1.509909955,0.679949975,43.308879439
MedAuth,427,33.250890445,1.330090045,0.580050025,41.071120561
MedAuth,428,35.029109555,1.509909955,0.679949975,43.308879439
MedAuth,429,33.250890445,1.330090045,0.580050025,41.071120561
MedAuth,430,35.029109555,1.509909955,0.679949975,43.308879439
MedAuth,431,33.250890445,1.330090045,0.580050025,41.071120561
MedAuth,432,35.029109555,1.509909955,0.679949975,43.308879439
MedAuth,433,33.250890445,1.330090045,0.580050025,41.071120561
MedAuth,434,35.029109555,1.509909955,0.679949975,43.308879439
MedAuth,435,33.250890445,1.330090045,0.580050025,41.071120561
MedAuth,436,35.029109555,1.509909955,0.679949975,43.308879439
MedAuth,437,33.250890445,1.330090045,0.580050025,41.071120561
MedAuth,438,35.029109555,1.509909955,0.679949975,43.308879439
MedAuth,439,33.250890445,1.330090045,0.580050025,41.071120561
MedAuth,440,35.029109555,1.509909955,0.679949975,43.308879439
MedAuth,441,33.250890445,1.330090045,0.580050025,41.071120561
MedAuth,442,35.029109555,1.509909955,0.679949975,43.308879439
MedAuth,443,33.250890445,1.330090045,0.580050025,41.071120561
MedAuth,444,35.029109555,1.509909955,0.679949975,43.308879439
MedAuth,445,33.250890445,1.330090045,0.580050025,41.071120561
MedAuth,446,35.029109555,1.509909955,0.679949975,43.308879439
MedAuth,447,33.250890445,1.330090045,0.580050025,41.071120561
MedAuth,448,35.029109555,1.509909955,0.679949975,43.308879439
MedAuth,449,33.250890445,1.330090045,0.580050025,41.071120561
MedAuth,450,35.029109555,1.509909955,0.679949975,43.308879439
MedAuth,451,33.250890445,1.330090045,0.580050025,41.071120561
MedAuth,452,35.029109555,1.509909955,0.679949975,43.308879439
MedAuth,453,33.250890445,1.330090045,0.580050025,41.071120561
MedAuth,454,35.029109555,1.509909955,0.679949975,43.308879439
MedAuth,455,33.250890445,1.330090045,0.580050025,41.071120561
MedAuth,456,35.029109555,1.509909955,0.679949975,43.308879439
MedAuth,457,33.250890445,1.330090045,0.580050025,41.071120561
MedAuth,458,35.029109555,1.509909955,0.679949975,43.308879439
MedAuth,459,33.250890445,1.330090045,0.580050025,41.071120561
MedAuth,460,35.029109555,1.509909955,0.679949975,43.308879439
MedAuth,461,33.250890445,1.330090045,0.580050025,41.071120561
MedAuth,462,35.029109555,1.509909955,0.679949975,43.308879439
MedAuth,463,33.250890445,1.330090045,0.580050025,41.071120561
MedAuth,464,35.029109555,1.509909955,0.679949975,43.308879439
MedAuth,465,33.250890445,1.330090045,0.580050025,41.071120561
MedAuth,466,35.029109555,1.509909955,0.679949975,43.308879439
MedAuth,467,33.250890445,1.330090045,0.580050025,41.071120561
MedAuth,468,35.029109555,1.509909955,0.679949975,43.308879439
MedAuth,469,33.250890445,1.330090045,0.580050025,41.071120561
MedAuth,470,35.029109555,1.509909955,0.679949975,43.308879439
MedAuth,471,33.250890445,1.330090045,0.580050025,41.071120561
MedAuth,472,35.029109555,1.509909955,0.679949975,43.308879439
MedAuth,473,33.250890445,1.330090045,0.580050025,41.071120561
MedAuth,474,35.029109555,1.509909955,0.679949975,43.308879439
MedAuth,475,33.250890445,1.330090045,0.580050025,41.071120561
MedAuth,476,35.029109555,1.509909955,0.679949975,43.308879439
MedAuth,477,33.250890445,1.330090045,0.580050025,41.071120561
MedAuth,478,35.029109555,1.509909955,0.679949975,43.308879439
MedAuth,479,33.250890445,1.330090045,0.580050025,41.071120561
MedAuth,480,35.029109555,1.509909955,0.679949975,43.308879439
MedAuth,481,33.250890445,1.330090045,0.580050025,41.071120561
MedAuth,482,35.029109555,1.509909955,0.679949975,43.308879439
MedAuth,483,33.250890445,1.330090045,0.580050025,41.071120561
MedAuth,484,35.029109555,1.509909955,0.679949975,43.308879439
MedAuth,485,33.250890445,1.330090045,0.580050025,41.071120561
MedAuth,486,35.029109555,1.509909955,0.679949975,43.308879439
MedAuth,487,33.250890445,1.330090045,0.580050025,41.071120561
MedAuth,488,35.029109555,1.509909955,0.679949975,43.308879439
MedAuth,489,33.250890445,1.330090045,0.580050025,41.071120561
MedAuth,490,35.029109555,1.509909955,0.679949975,43.308879439
MedAuth,491,33.250890445,1.330090045,0.580050025,41.071120561
MedAuth,492,35.029109555,1.509909955,0.679949975,43.308879439
MedAuth,493,33.250890445,1.330090045,0.580050025,41.071120561
MedAuth,494,35.029109555,1.509909955,0.679949975,43.308879439
MedAuth,495,33.250890445,1.330090045,0.580050025,41.071120561
MedAuth,496,35.029109555,1.509909955,0.679949975,43.308879439
MedAuth,497,33.250890445,1.330090045,0.580050025,41.071120561
MedAuth,498,35.029109555,1.509909955,0.679949975,43.308879439
MedAuth,499,33.250890445,1.330090045,0.580050025,41.071120561
MedAuth,500,35.029109555,1.509909955,0.679949975,43.308879439
PLAKA-MD,1,30.470890445,1.100040020,0.039001001,39.830910455
PLAKA-MD,2,32.249109555,1.179959980,0.040998999,41.649089545
PLAKA-MD,3,30.470890445,1.100040020,0.039001001,39.830910455
PLAKA-MD,4,32.249109555,1.179959980,0.040998999,41.649089545
PLAKA-MD,5,30.470890445,1.100040020,0.039001001,39.830910455
PLAKA-MD,6,32.249109555,1.179959980,0.040998999,41.649089545
PLAKA-MD,7,30.470890445,1.100040020,0.039001001,39.830910455
PLAKA-MD,8,32.249109555,1.179959980,0.040998999,41.649089545
PLAKA-MD,9,30.470890445,1.100040020,0.039001001,39.830910455
PLAKA-MD,10,32.249109555,1.179959980,0.040998999,41.649089545
PLAKA-MD,11,30.470890445,1.100040020,0.039001001,39.830910455
PLAKA-MD,12,32.249109555,1.179959980,0.040998999,41.649089545
PLAKA-MD,13,30.470890445,1.100040020,0.039001001,39.830910455
PLAKA-MD,14,32.249109555,1.179959980,0.040998999,41.649089545
PLAKA-MD,15,30.470890445,1.100040020,0.039001001,39.830910455
PLAKA-MD,16,32.249109555,1.179959980,0.040998999,41.649089545
PLAKA-MD,17,30.470890445,1.100040020,0.039001001,39.830910455
PLAKA-MD,18,32.249109555,1.179959980,0.040998999,41.649089545
PLAKA-MD,19,30.470890445,1.100040020,0.039001001,39.830910455
PLAKA-MD,20,32.249109555,1.179959980,0.040998999,41.649089545
PLAKA-MD,21,30.470890445,1.100040020,0.039001001,39.830910455
PLAKA-MD,22,32.249109555,1.179959980,0.040998999,41.649089545
PLAKA-MD,23,30.470890445,1.100040020,0.039001001,39.830910455
PLAKA-MD,24,32.249109555,1.179959980,0.040998999,41.649089545
PLAKA-MD,25,30.470890445,1.100040020,0.039001001,39.830910455
PLAKA-MD,26,32.249109555,1.179959980,0.040998999,41.649089545
PLAKA-MD,27,30.470890445,1.100040020,0.039001001,39.830910455
PLAKA-MD,28,32.249109555,1.179959980,0.040998999,41.649089545
PLAKA-MD,29,30.470890445,1.100040020,0.039001001,39.830910455
PLAKA-MD,30,32.249109555,1.179959980,0.040998999,41.649089545
PLAKA-MD,31,30.470890445,1.100040020,0.039001001,39.830910455
PLAKA-MD,32,32.249109555,1.179959980,0.040998999,41.649089545
PLAKA-MD,33,30.470890445,1.100040020,0.039001001,39.830910455
PLAKA-MD,34,32.249109555,1.179959980,0.040998999,41.649089545
PLAKA-MD,35,30.470890445,1.100040020,0.039001001,39.830910455
PLAKA-MD,36,32.249109555,1.179959980,0.040998999,41.649089545
PLAKA-MD,37,30.470890445,1.100040020,0.039001001,39.830910455
PLAKA-MD,38,32.249109555,1.179959980,0.040998999,41.649089545
PLAKA-MD,39,30.470890445,1.100040020,0.039001001,39.830910455
PLAKA-MD,40,32.249109555,1.179959980,0.040998999,41.649089545
PLAKA-MD,41,30.470890445,1.100040020,0.039001001,39.830910455
PLAKA-MD,42,32.249109555,1.179959980,0.040998999,41.649089545
PLAKA-MD,43,30.470890445,1.100040020,0.039001001,39.830910455
PLAKA-MD,44,32.249109555,1.179959980,0.040998999,41.649089545
PLAKA-MD,45,30.470890445,1.100040020,0.039001001,39.830910455
PLAKA-MD,46,32.249109555,1.179959980,0.040998999,41.649089545
PLAKA-MD,47,30.470890445,1.100040020,0.039001001,39.830910455
PLAKA-MD,48,32.249109555,1.179959980,0.040998999,41.649089545
PLAKA-MD,49,30.470890445,1.100040020,0.039001001,39.830910455
PLAKA-MD,50,32.249109555,1.179959980,0.040998999,41.649089545
PLAKA-MD,51,30.470890445,1.100040020,0.039001001,39.830910455
PLAKA-MD,52,32.249109555,1.179959980,0.040998999,41.649089545
PLAKA-MD,53,30.470890445,1.100040020,0.039001001,39.830910455
PLAKA-MD,54,32.249109555,1.179959980,0.040998999,41.649089545
PLAKA-MD,55,30.470890445,1.100040020,0.039001001,39.830910455
PLAKA-MD,56,32.249109555,1.179959980,0.040998999,41.649089545
PLAKA-MD,57,30.470890445,1.100040020,0.039001001,39.830910455
PLAKA-MD,58,32.249109555,1.179959980,0.040998999,41.649089545
PLAKA-MD,59,30.470890445,1.100040020,0.039001001,39.830910455
PLAKA-MD,60,32.249109555,1.179959980,0.040998999,41.649089545
PLAKA-MD,61,30.470890445,1.100040020,0.039001001,39.830910455
PLAKA-MD,62,32.249109555,1.179959980,0.040998999,41.649089545
PLAKA-MD,63,30.470890445,1.100040020,0.039001001,39.830910455
PLAKA-MD,64,32.249109555,1.179959980,0.040998999,41.649089545
PLAKA-MD,65,30.470890445,1.100040020,0.039001001,39.830910455
PLAKA-MD,66,32.249109555,1.179959980,0.040998999,41.649089545
PLAKA-MD,67,30.470890445,1.100040020,0.039001001,39.830910455
PLAKA-MD,68,32.249109555,1.179959980,0.040998999,41.649089545
PLAKA-MD,69,30.470890445,1.100040020,0.039001001,39.830910455
PLAKA-MD,70,32.249109555,1.179959980,0.040998999,41.649089545
PLAKA-MD,71,30.470890445,1.100040020,0.039001001,39.830910455
PLAKA-MD,72,32.249109555,1.179959980,0.040998999,41.649089545
PLAKA-MD,73,30.470890445,1.100040020,0.039001001,39.830910455
PLAKA-MD,74,32.249109555,1.179959980,0.040998999,41.649089545
PLAKA-MD,75,30.470890445,1.100040020,0.039001001,39.830910455
PLAKA-MD,76,32.249109555,1.179959980,0.040998999,41.649089545
PLAKA-MD,77,30.470890445,1.100040020,0.039001001,39.830910455
PLAKA-MD,78,32.249109555,1.179959980,0.040998999,41.649089545
PLAKA-MD,79,30.470890445,1.100040020,0.039001001,39.830910455
PLAKA-MD,80,32.249109555,1.179959980,0.040998999,41.649089545
PLAKA-MD,81,30.470890445,1.100040020,0.039001001,39.830910455
PLAKA-MD,82,32.249109555,1.179959980,0.040998999,41.649089545
PLAKA-MD,83,30.470890445,1.100040020,0.039001001,39.830910455
PLAKA-MD,84,32.249109555,1.179959980,0.040998999,41.649089545
PLAKA-MD,85,30.470890445,1.100040020,0.039001001,39.830910455
PLAKA-MD,86,32.249109555,1.179959980,0.040998999,41.649089545
PLAKA-MD,87,30.470890445,1.100040020,0.039001001,39.830910455
PLAKA-MD,88,32.249109555,1.179959980,0.040998999,41.649089545
PLAKA-MD,89,30.470890445,1.100040020,0.039001001,39.830910455
PLAKA-MD,90,32.249109555,1.179959980,0.040998999,41.649089545
PLAKA-MD,91,30.470890445,1.100040020,0.039001001,39.830910455
PLAKA-MD,92,32.249109555,1.179959980,0.040998999,41.649089545
PLAKA-MD,93,30.470890445,1.100040020,0.039001001,39.830910455
PLAKA-MD,94,32.249109555,1.179959980,0.040998999,41.649089545
PLAKA-MD,95,30.470890445,1.100040020,0.039001001,39.830910455
PLAKA-MD,96,32.249109555,1.179959980,0.040998999,41.649089545
PLAKA-MD,97,30.470890445,1.100040020,0.039001001,39.830910455
PLAKA-MD,98,32.249109555,1.179959980,0.040998999,41.649089545
PLAKA-MD,99,30.470890445,1.100040020,0.039001001,39.830910455
PLAKA-MD,100,32.249109555,1.179959980,0.040998999,41.649089545
PLAKA-MD,101,30.470890445,1.100040020,0.039001001,39.830910455
PLAKA-MD,102,32.249109555,1.179959980,0.040998999,41.649089545
PLAKA-MD,103,30.470890445,1.100040020,0.039001001,39.830910455
PLAKA-MD,104,32.249109555,1.179959980,0.040998999,41.649089545
PLAKA-MD,105,30.470890445,1.100040020,0.039001001,39.830910455
PLAKA-MD,106,32.249109555,1.179959980,0.040998999,41.649089545
PLAKA-MD,107,30.470890445,1.100040020,0.039001001,39.830910455
PLAKA-MD,108,32.249109555,1.179959980,0.040998999,41.649089545
PLAKA-MD,109,30.470890445,1.100040020,0.039001001,39.830910455
PLAKA-MD,110,32.249109555,1.179959980,0.040998999,41.649089545
PLAKA-MD,111,30.470890445,1.100040020,0.039001001,39.830910455
PLAKA-MD,112,32.249109555,1.179959980,0.040998999,41.649089545
PLAKA-MD,113,30.470890445,1.100040020,0.039001001,39.830910455
PLAKA-MD,114,32.249109555,1.179959980,0.040998999,41.649089545
PLAKA-MD,115,30.470890445,1.100040020,0.039001001,39.830910455
PLAKA-MD,116,32.249109555,1.179959980,0.040998999,41.649089545
PLAKA-MD,117,30.470890445,1.100040020,0.039001001,39.830910455
PLAKA-MD,118,32.249109555,1.179959980,0.040998999,41.649089545
PLAKA-MD,119,30.470890445,1.100040020,0.039001001,39.830910455
PLAKA-MD,120,32.249109555,1.179959980,0.040998999,41.649089545
PLAKA-MD,121,30.470890445,1.100040020,0.039001001,39.830910455
PLAKA-MD,122,32.249109555,1.179959980,0.040998999,41.649089545
PLAKA-MD,123,30.470890445,1.100040020,0.039001001,39.830910455
PLAKA-MD,124,32.249109555,1.179959980,0.040998999,41.649089545
PLAKA-MD,125,30.470890445,1.100040020,0.039001001,39.830910455
PLAKA-MD,126,32.249109555,1.179959980,0.040998999,41.649089545
PLAKA-MD,127,30.470890445,1.100040020,0.039001001,39.830910455
PLAKA-MD,128,32.249109555,1.179959980,0.040998999,41.649089545
PLAKA-MD,129,30.470890445,1.100040020,0.039001001,39.830910455
PLAKA-MD,130,32.249109555,1.179959980,0.040998999,41.649089545
PLAKA-MD,131,30.470890445,1.100040020,0.039001001,39.830910455
PLAKA-MD,132,32.249109555,1.179959980,0.040998999,41.649089545
PLAKA-MD,133,30.470890445,1.100040020,0.039001001,39.830910455
PLAKA-MD,134,32.249109555,1.179959980,0.040998999,41.649089545
PLAKA-MD,135,30.470890445,1.100040020,0.039001001,39.830910455
PLAKA-MD,136,32.249109555,1.179959980,0.040998999,41.649089545
PLAKA-MD,137,30.470890445,1.100040020,0.039001001,39.830910455
PLAKA-MD,138,32.249109555,1.179959980,0.040998999,41.649089545
PLAKA-MD,139,30.470890445,1.100040020,0.039001001,39.830910455
PLAKA-MD,140,32.249109555,1.179959980,0.040998999,41.649089545
PLAKA-MD,141,30.470890445,1.100040020,0.039001001,39.830910455
PLAKA-MD,142,32.249109555,1.179959980,0.040998999,41.649089545
PLAKA-MD,143,30.470890445,1.100040020,0.039001001,39.830910455
PLAKA-MD,144,32.249109555,1.179959980,0.040998999,41.649089545
PLAKA-MD,145,30.470890445,1.100040020,0.039001001,39.830910455
PLAKA-MD,146,32.249109555,1.179959980,0.040998999,41.649089545
PLAKA-MD,147,30.470890445,1.100040020,0.039001001,39.830910455
PLAKA-MD,148,32.249109555,1.179959980,0.040998999,41.649089545
PLAKA-MD,149,30.470890445,1.100040020,0.039001001,39.830910455
PLAKA-MD,150,32.249109555,1.179959980,0.040998999,41.649089545
PLAKA-MD,151,30.470890445,1.100040020,0.039001001,39.830910455
PLAKA-MD,152,32.249109555,1.179959980,0.040998999,41.649089545
PLAKA-MD,153,30.470890445,1.100040020,0.039001001,39.830910455
PLAKA-MD,154,32.249109555,1.179959980,0.040998999,41.649089545
PLAKA-MD,155,30.470890445,1.100040020,0.039001001,39.830910455
PLAKA-MD,156,32.249109555,1.179959980,0.040998999,41.649089545
PLAKA-MD,157,30.470890445,1.100040020,0.039001001,39.830910455
PLAKA-MD,158,32.249109555,1.179959980,0.040998999,41.649089545
PLAKA-MD,159,30.470890445,1.100040020,0.039001001,39.830910455
PLAKA-MD,160,32.249109555,1.179959980,0.040998999,41.649089545
PLAKA-MD,161,30.470890445,1.100040020,0.039001001,39.830910455
PLAKA-MD,162,32.249109555,1.179959980,0.040998999,41.649089545
PLAKA-MD,163,30.470890445,1.100040020,0.039001001,39.830910455
PLAKA-MD,164,32.249109555,1.179959980,0.040998999,41.649089545
PLAKA-MD,165,30.470890445,1.100040020,0.039001001,39.830910455
PLAKA-MD,166,32.249109555,1.179959980,0.040998999,41.649089545
PLAKA-MD,167,30.470890445,1.100040020,0.039001001,39.830910455
PLAKA-MD,168,32.249109555,1.179959980,0.040998999,41.649089545
PLAKA-MD,169,30.470890445,1.100040020,0.039001001,39.830910455
PLAKA-MD,170,32.249109555,1.179959980,0.040998999,41.649089545
PLAKA-MD,171,30.470890445,1.100040020,0.039001001,39.830910455
PLAKA-MD,172,32.249109555,1.179959980,0.040998999,41.649089545
PLAKA-MD,173,30.470890445,1.100040020,0.039001001,39.830910455
PLAKA-MD,174,32.249109555,1.179959980,0.040998999,41.649089545
PLAKA-MD,175,30.470890445,1.100040020,0.039001001,39.830910455
PLAKA-MD,176,32.249109555,1.179959980,0.040998999,41.649089545
PLAKA-MD,177,30.470890445,1.100040020,0.039001001,39.830910455
PLAKA-MD,178,32.249109555,1.179959980,0.040998999,41.649089545
PLAKA-MD,179,30.470890445,1.100040020,0.039001001,39.830910455
PLAKA-MD,180,32.249109555,1.179959980,0.040998999,41.649089545
PLAKA-MD,181,30.470890445,1.100040020,0.039001001,39.830910455
PLAKA-MD,182,32.249109555,1.179959980,0.040998999,41.649089545
PLAKA-MD,183,30.470890445,1.100040020,0.039001001,39.830910455
PLAKA-MD,184,32.249109555,1.179959980,0.040998999,41.649089545
PLAKA-MD,185,30.470890445,1.100040020,0.039001001,39.830910455
PLAKA-MD,186,32.249109555,1.179959980,0.040998999,41.649089545
PLAKA-MD,187,30.470890445,1.100040020,0.039001001,39.830910455
PLAKA-MD,188,32.249109555,1.179959980,0.040998999,41.649089545
PLAKA-MD,189,30.470890445,1.100040020,0.039001001,39.830910455
PLAKA-MD,190,32.249109555,1.179959980,0.040998999,41.649089545
PLAKA-MD,191,30.470890445,1.100040020,0.039001001,39.830910455
PLAKA-MD,192,32.249109555,1.179959980,0.040998999,41.649089545
PLAKA-MD,193,30.470890445,1.100040020,0.039001001,39.830910455
PLAKA-MD,194,32.249109555,1.179959980,0.040998999,41.649089545
PLAKA-MD,195,30.470890445,1.100040020,0.039001001,39.830910455
PLAKA-MD,196,32.249109555,1.179959980,0.040998999,41.649089545
PLAKA-MD,197,30.470890445,1.100040020,0.039001001,39.830910455
PLAKA-MD,198,32.249109555,1.179959980,0.040998999,41.649089545
PLAKA-MD,199,30.470890445,1.100040020,0.039001001,39.830910455
PLAKA-MD,200,32.249109555,1.179959980,0.040998999,41.649089545
PLAKA-MD,201,30.470890445,1.100040020,0.039001001,39.830910455
PLAKA-MD,202,32.249109555,1.179959980,0.040998999,41.649089545
PLAKA-MD,203,30.470890445,1.100040020,0.039001001,39.830910455
PLAKA-MD,204,32.249109555,1.179959980,0.040998999,41.649089545
PLAKA-MD,205,30.470890445,1.100040020,0.039001001,39.830910455
PLAKA-MD,206,32.249109555,1.179959980,0.040998999,41.649089545
PLAKA-MD,207,30.470890445,1.100040020,0.039001001,39.830910455
PLAKA-MD,208,32.249109555,1.179959980,0.040998999,41.649089545
PLAKA-MD,209,30.470890445,1.100040020,0.039001001,39.830910455
PLAKA-MD,210,32.249109555,1.179959980,0.040998999,41.649089545
PLAKA-MD,211,30.470890445,1.100040020,0.039001001,39.830910455
PLAKA-MD,212,32.249109555,1.179959980,0.040998999,41.649089545
PLAKA-MD,213,30.470890445,1.100040020,0.039001001,39.830910455
PLAKA-MD,214,32.249109555,1.179959980,0.040998999,41.649089545
PLAKA-MD,215,30.470890445,1.100040020,0.039001001,39.830910455
PLAKA-MD,216,32.249109555,1.179959980,0.040998999,41.649089545
PLAKA-MD,217,30.470890445,1.100040020,0.039001001,39.830910455
PLAKA-MD,218,32.249109555,1.179959980,0.040998999,41.649089545
PLAKA-MD,219,30.470890445,1.100040020,0.039001001,39.830910455
PLAKA-MD,220,32.249109555,1.179959980,0.040998999,41.649089545
PLAKA-MD,221,30.470890445,1.100040020,0.039001001,39.830910455
PLAKA-MD,222,32.249109555,1.179959980,0.040998999,41.649089545
PLAKA-MD,223,30.470890445,1.100040020,0.039001001,39.830910455
PLAKA-MD,224,32.249109555,1.179959980,0.040998999,41.649089545
PLAKA-MD,225,30.470890445,1.100040020,0.039001001,39.830910455
PLAKA-MD,226,32.249109555,1.179959980,0.040998999,41.649089545
PLAKA-MD,227,30.470890445,1.100040020,0.039001001,39.830910455
PLAKA-MD,228,32.249109555,1.179959980,0.040998999,41.649089545
PLAKA-MD,229,30.470890445,1.100040020,0.039001001,39.830910455
PLAKA-MD,230,32.249109555,1.179959980,0.040998999,41.649089545
PLAKA-MD,231,30.470890445,1.100040020,0.039001001,39.830910455
PLAKA-MD,232,32.249109555,1.179959980,0.040998999,41.649089545
PLAKA-MD,233,30.470890445,1.100040020,0.039001001,39.830910455
PLAKA-MD,234,32.249109555,1.179959980,0.040998999,41.649089545
PLAKA-MD,235,30.470890445,1.100040020,0.039001001,39.830910455
PLAKA-MD,236,32.249109555,1.179959980,0.040998999,41.649089545
PLAKA-MD,237,30.470890445,1.100040020,0.039001001,39.830910455
PLAKA-MD,238,32.249109555,1.179959980,0.040998999,41.649089545
PLAKA-MD,239,30.470890445,1.100040020,0.039001001,39.830910455
PLAKA-MD,240,32.249109555,1.179959980,0.040998999,41.649089545
PLAKA-MD,241,30.470890445,1.100040020,0.039001001,39.830910455
PLAKA-MD,242,32.249109555,1.179959980,0.040998999,41.649089545
PLAKA-MD,243,30.470890445,1.100040020,0.039001001,39.830910455
PLAKA-MD,244,32.249109555,1.179959980,0.040998999,41.649089545
PLAKA-MD,245,30.470890445,1.100040020,0.039001001,39.830910455
PLAKA-MD,246,32.249109555,1.179959980,0.040998999,41.649089545
PLAKA-MD,247,30.470890445,1.100040020,0.039001001,39.830910455
PLAKA-MD,248,32.249109555,1.179959980,0.040998999,41.649089545
PLAKA-MD,249,30.470890445,1.100040020,0.039001001,39.830910455
PLAKA-MD,250,32.249109555,1.179959980,0.040998999,41.649089545
PLAKA-MD,251,30.470890445,1.100040020,0.039001001,39.830910455
PLAKA-MD,252,32.249109555,1.179959980,0.040998999,41.649089545
PLAKA-MD,253,30.470890445,1.100040020,0.039001001,39.830910455
PLAKA-MD,254,32.249109555,1.179959980,0.040998999,41.649089545
PLAKA-MD,255,30.470890445,1.100040020,0.039001001,39.830910455
PLAKA-MD,256,32.249109555,1.179959980,0.040998999,41.649089545
PLAKA-MD,257,30.470890445,1.100040020,0.039001001,39.830910455
PLAKA-MD,258,32.249109555,1.179959980,0.040998999,41.649089545
PLAKA-MD,259,30.470890445,1.100040020,0.039001001,39.830910455
PLAKA-MD,260,32.249109555,1.179959980,0.040998999,41.649089545
PLAKA-MD,261,30.470890445,1.100040020,0.039001001,39.830910455
PLAKA-MD,262,32.249109555,1.179959980,0.040998999,41.649089545
PLAKA-MD,263,30.470890445,1.100040020,0.039001001,39.830910455
PLAKA-MD,264,32.249109555,1.179959980,0.040998999,41.649089545
PLAKA-MD,265,30.470890445,1.100040020,0.039001001,39.830910455
PLAKA-MD,266,32.249109555,1.179959980,0.040998999,41.649089545
PLAKA-MD,267,30.470890445,1.100040020,0.039001001,39.830910455
PLAKA-MD,268,32.249109555,1.179959980,0.040998999,41.649089545
PLAKA-MD,269,30.470890445,1.100040020,0.039001001,39.830910455
PLAKA-MD,270,32.249109555,1.179959980,0.040998999,41.649089545
PLAKA-MD,271,30.470890445,1.100040020,0.039001001,39.830910455
PLAKA-MD,272,32.249109555,1.179959980,0.040998999,41.649089545
PLAKA-MD,273,30.470890445,1.100040020,0.039001001,39.830910455
PLAKA-MD,274,32.249109555,1.179959980,0.040998999,41.649089545
PLAKA-MD,275,30.470890445,1.100040020,0.039001001,39.830910455
PLAKA-MD,276,32.249109555,1.179959980,0.040998999,41.649089545
PLAKA-MD,277,30.470890445,1.100040020,0.039001001,39.830910455
PLAKA-MD,278,32.249109555,1.179959980,0.040998999,41.649089545
PLAKA-MD,279,30.470890445,1.100040020,0.039001001,39.830910455
PLAKA-MD,280,32.249109555,1.179959980,0.040998999,41.649089545
PLAKA-MD,281,30.470890445,1.100040020,0.039001001,39.830910455
PLAKA-MD,282,32.249109555,1.179959980,0.040998999,41.649089545
PLAKA-MD,283,30.470890445,1.100040020,0.039001001,39.830910455
PLAKA-MD,284,32.249109555,1.179959980,0.040998999,41.649089545
PLAKA-MD,285,30.470890445,1.100040020,0.039001001,39.830910455
PLAKA-MD,286,32.249109555,1.179959980,0.040998999,41.649089545
PLAKA-MD,287,30.470890445,1.100040020,0.039001001,39.830910455
PLAKA-MD,288,32.249109555,1.179959980,0.040998999,41.649089545
PLAKA-MD,289,30.470890445,1.100040020,0.039001001,39.830910455
PLAKA-MD,290,32.249109555,1.179959980,0.040998999,41.649089545
PLAKA-MD,291,30.470890445,1.100040020,0.039001001,39.830910455
PLAKA-MD,292,32.249109555,1.179959980,0.040998999,41.649089545
PLAKA-MD,293,30.470890445,1.100040020,0.039001001,39.830910455
PLAKA-MD,294,32.249109555,1.179959980,0.040998999,41.649089545
PLAKA-MD,295,30.470890445,1.100040020,0.039001001,39.830910455
PLAKA-MD,296,32.249109555,1.179959980,0.040998999,41.649089545
PLAKA-MD,297,30.470890445,1.100040020,0.039001001,39.830910455
PLAKA-MD,298,32.249109555,1.179959980,0.040998999,41.649089545
PLAKA-MD,299,30.470890445,1.100040020,0.039001001,39.830910455
PLAKA-MD,300,32.249109555,1.179959980,0.040998999,41.649089545
PLAKA-MD,301,30.470890445,1.100040020,0.039001001,39.830910455
PLAKA-MD,302,32.249109555,1.179959980,0.040998999,41.649089545
PLAKA-MD,303,30.470890445,1.100040020,0.039001001,39.830910455
PLAKA-MD,304,32.249109555,1.179959980,0.040998999,41.649089545
PLAKA-MD,305,30.470890445,1.100040020,0.039001001,39.830910455
PLAKA-MD,306,32.249109555,1.179959980,0.040998999,41.649089545
PLAKA-MD,307,30.470890445,1.100040020,0.039001001,39.830910455
PLAKA-MD,308,32.249109555,1.179959980,0.040998999,41.649089545
PLAKA-MD,309,30.470890445,1.100040020,0.039001001,39.830910455
PLAKA-MD,310,32.249109555,1.179959980,0.040998999,41.649089545
PLAKA-MD,311,30.470890445,1.100040020,0.039001001,39.830910455
PLAKA-MD,312,32.249109555,1.179959980,0.040998999,41.649089545
PLAKA-MD,313,30.470890445,1.100040020,0.039001001,39.830910455
PLAKA-MD,314,32.249109555,1.179959980,0.040998999,41.649089545
PLAKA-MD,315,30.470890445,1.100040020,0.039001001,39.830910455
PLAKA-MD,316,32.249109555,1.179959980,0.040998999,41.649089545
PLAKA-MD,317,30.470890445,1.100040020,0.039001001,39.830910455
PLAKA-MD,318,32.249109555,1.179959980,0.040998999,41.649089545
PLAKA-MD,319,30.470890445,1.100040020,0.039001001,39.830910455
PLAKA-MD,320,32.249109555,1.179959980,0.040998999,41.649089545
PLAKA-MD,321,30.470890445,1.100040020,0.039001001,39.830910455
PLAKA-MD,322,32.249109555,1.179959980,0.040998999,41.649089545
PLAKA-MD,323,30.470890445,1.100040020,0.039001001,39.830910455
PLAKA-MD,324,32.249109555,1.179959980,0.040998999,41.649089545
PLAKA-MD,325,30.470890445,1.100040020,0.039001001,39.830910455
PLAKA-MD,326,32.249109555,1.179959980,0.040998999,41.649089545
PLAKA-MD,327,30.470890445,1.100040020,0.039001001,39.830910455
PLAKA-MD,328,32.249109555,1.179959980,0.040998999,41.649089545
PLAKA-MD,329,30.470890445,1.100040020,0.039001001,39.830910455
PLAKA-MD,330,32.249109555,1.179959980,0.040998999,41.649089545
PLAKA-MD,331,30.470890445,1.100040020,0.039001001,39.830910455
PLAKA-MD,332,32.249109555,1.179959980,0.040998999,41.649089545
PLAKA-MD,333,30.470890445,1.100040020,0.039001001,39.830910455
PLAKA-MD,334,32.249109555,1.179959980,0.040998999,41.649089545
PLAKA-MD,335,30.470890445,1.100040020,0.039001001,39.830910455
PLAKA-MD,336,32.249109555,1.179959980,0.040998999,41.649089545
PLAKA-MD,337,30.470890445,1.100040020,0.039001001,39.830910455
PLAKA-MD,338,32.249109555,1.179959980,0.040998999,41.649089545
PLAKA-MD,339,30.470890445,1.100040020,0.039001001,39.830910455
PLAKA-MD,340,32.249109555,1.179959980,0.040998999,41.649089545
PLAKA-MD,341,30.470890445,1.100040020,0.039001001,39.830910455
PLAKA-MD,342,32.249109555,1.179959980,0.040998999,41.649089545
PLAKA-MD,343,30.470890445,1.100040020,0.039001001,39.830910455
PLAKA-MD,344,32.249109555,1.179959980,0.040998999,41.649089545
PLAKA-MD,345,30.470890445,1.100040020,0.039001001,39.830910455
PLAKA-MD,346,32.249109555,1.179959980,0.040998999,41.649089545
PLAKA-MD,347,30.470890445,1.100040020,0.039001001,39.830910455
PLAKA-MD,348,32.249109555,1.179959980,0.040998999,41.649089545
PLAKA-MD,349,30.470890445,1.100040020,0.039001001,39.830910455
PLAKA-MD,350,32.249109555,1.179959980,0.040998999,41.649089545
PLAKA-MD,351,30.470890445,1.100040020,0.039001001,39.830910455
PLAKA-MD,352,32.249109555,1.179959980,0.040998999,41.649089545
PLAKA-MD,353,30.470890445,1.100040020,0.039001001,39.830910455
PLAKA-MD,354,32.249109555,1.179959980,0.040998999,41.649089545
PLAKA-MD,355,30.470890445,1.100040020,0.039001001,39.830910455
PLAKA-MD,356,32.249109555,1.179959980,0.040998999,41.649089545
PLAKA-MD,357,30.470890445,1.100040020,0.039001001,39.830910455
PLAKA-MD,358,32.249109555,1.179959980,0.040998999,41.649089545
PLAKA-MD,359,30.470890445,1.100040020,0.039001001,39.830910455
PLAKA-MD,360,32.249109555,1.179959980,0.040998999,41.649089545
PLAKA-MD,361,30.470890445,1.100040020,0.039001001,39.830910455
PLAKA-MD,362,32.249109555,1.179959980,0.040998999,41.649089545
PLAKA-MD,363,30.470890445,1.100040020,0.039001001,39.830910455
PLAKA-MD,364,32.249109555,1.179959980,0.040998999,41.649089545
PLAKA-MD,365,30.470890445,1.100040020,0.039001001,39.830910455
PLAKA-MD,366,32.249109555,1.179959980,0.040998999,41.649089545
PLAKA-MD,367,30.470890445,1.100040020,0.039001001,39.830910455
PLAKA-MD,368,32.249109555,1.179959980,0.040998999,41.649089545
PLAKA-MD,369,30.470890445,1.100040020,0.039001001,39.830910455
PLAKA-MD,370,32.249109555,1.179959980,0.040998999,41.649089545
PLAKA-MD,371,30.470890445,1.100040020,0.039001001,39.830910455
PLAKA-MD,372,32.249109555,1.179959980,0.040998999,41.649089545
PLAKA-MD,373,30.470890445,1.100040020,0.039001001,39.830910455
PLAKA-MD,374,32.249109555,1.179959980,0.040998999,41.649089545
PLAKA-MD,375,30.470890445,1.100040020,0.039001001,39.830910455
PLAKA-MD,376,32.249109555,1.179959980,0.040998999,41.649089545
PLAKA-MD,377,30.470890445,1.100040020,0.039001001,39.830910455
PLAKA-MD,378,32.249109555,1.179959980,0.040998999,41.649089545
PLAKA-MD,379,30.470890445,1.100040020,0.039001001,39.830910455
PLAKA-MD,380,32.249109555,1.179959980,0.040998999,41.649089545
PLAKA-MD,381,30.470890445,1.100040020,0.039001001,39.830910455
PLAKA-MD,382,32.249109555,1.179959980,0.040998999,41.649089545
PLAKA-MD,383,30.470890445,1.100040020,0.039001001,39.830910455
PLAKA-MD,384,32.249109555,1.179959980,0.040998999,41.649089545
PLAKA-MD,385,30.470890445,1.100040020,0.039001001,39.830910455
PLAKA-MD,386,32.249109555,1.179959980,0.040998999,41.649089545
PLAKA-MD,387,30.470890445,1.100040020,0.039001001,39.830910455
PLAKA-MD,388,32.249109555,1.179959980,0.040998999,41.649089545
PLAKA-MD,389,30.470890445,1.100040020,0.039001001,39.830910455
PLAKA-MD,390,32.249109555,1.179959980,0.040998999,41.649089545
PLAKA-MD,391,30.470890445,1.100040020,0.039001001,39.830910455
PLAKA-MD,392,32.249109555,1.179959980,0.040998999,41.649089545
PLAKA-MD,393,30.470890445,1.100040020,0.039001001,39.830910455
PLAKA-MD,394,32.249109555,1.179959980,0.040998999,41.649089545
PLAKA-MD,395,30.470890445,1.100040020,0.039001001,39.830910455
PLAKA-MD,396,32.249109555,1.179959980,0.040998999,41.649089545
PLAKA-MD,397,30.470890445,1.100040020,0.039001001,39.830910455
PLAKA-MD,398,32.249109555,1.179959980,0.040998999,41.649089545
PLAKA-MD,399,30.470890445,1.100040020,0.039001001,39.830910455
PLAKA-MD,400,32.249109555,1.179959980,0.040998999,41.649089545
PLAKA-MD,401,30.470890445,1.100040020,0.039001001,39.830910455
PLAKA-MD,402,32.249109555,1.179959980,0.040998999,41.649089545
PLAKA-MD,403,30.470890445,1.100040020,0.039001001,39.830910455
PLAKA-MD,404,32.249109555,1.179959980,0.040998999,41.649089545
PLAKA-MD,405,30.470890445,1.100040020,0.039001001,39.830910455
PLAKA-MD,406,32.249109555,1.179959980,0.040998999,41.649089545
PLAKA-MD,407,30.470890445,1.100040020,0.039001001,39.830910455
PLAKA-MD,408,32.249109555,1.179959980,0.040998999,41.649089545
PLAKA-MD,409,30.470890445,1.100040020,0.039001001,39.830910455
PLAKA-MD,410,32.249109555,1.179959980,0.040998999,41.649089545
PLAKA-MD,411,30.470890445,1.100040020,0.039001001,39.830910455
PLAKA-MD,412,32.249109555,1.179959980,0.040998999,41.649089545
PLAKA-MD,413,30.470890445,1.100040020,0.039001001,39.830910455
PLAKA-MD,414,32.249109555,1.179959980,0.040998999,41.649089545
PLAKA-MD,415,30.470890445,1.100040020,0.039001001,39.830910455
PLAKA-MD,416,32.249109555,1.179959980,0.040998999,41.649089545
PLAKA-MD,417,30.470890445,1.100040020,0.039001001,39.830910455
PLAKA-MD,418,32.249109555,1.179959980,0.040998999,41.649089545
PLAKA-MD,419,30.470890445,1.100040020,0.039001001,39.830910455
PLAKA-MD,420,32.249109555,1.179959980,0.040998999,41.649089545
PLAKA-MD,421,30.470890445,1.100040020,0.039001001,39.830910455
PLAKA-MD,422,32.249109555,1.179959980,0.040998999,41.649089545
PLAKA-MD,423,30.470890445,1.100040020,0.039001001,39.830910455
PLAKA-MD,424,32.249109555,1.179959980,0.040998999,41.649089545
PLAKA-MD,425,30.470890445,1.100040020,0.039001001,39.830910455
PLAKA-MD,426,32.249109555,1.179959980,0.040998999,41.649089545
PLAKA-MD,427,30.470890445,1.100040020,0.039001001,39.830910455
PLAKA-MD,428,32.249109555,1.179959980,0.040998999,41.649089545
PLAKA-MD,429,30.470890445,1.100040020,0.039001001,39.830910455
PLAKA-MD,430,32.249109555,1.179959980,0.040998999,41.649089545
PLAKA-MD,431,30.470890445,1.100040020,0.039001001,39.830910455
PLAKA-MD,432,32.249109555,1.179959980,0.040998999,41.649089545
PLAKA-MD,433,30.470890445,1.100040020,0.039001001,39.830910455
PLAKA-MD,434,32.249109555,1.179959980,0.040998999,41.649089545
PLAKA-MD,435,30.470890445,1.100040020,0.039001001,39.830910455
PLAKA-MD,436,32.249109555,1.179959980,0.040998999,41.649089545
PLAKA-MD,437,30.470890445,1.100040020,0.039001001,39.830910455
PLAKA-MD,438,32.249109555,1.179959980,0.040998999,41.649089545
PLAKA-MD,439,30.470890445,1.100040020,0.039001001,39.830910455
PLAKA-MD,440,32.249109555,1.179959980,0.040998999,41.649089545
PLAKA-MD,441,30.470890445,1.100040020,0.039001001,39.830910455
PLAKA-MD,442,32.249109555,1.179959980,0.040998999,41.649089545
PLAKA-MD,443,30.470890445,1.100040020,0.039001001,39.830910455
PLAKA-MD,444,32.249109555,1.179959980,0.040998999,41.649089545
PLAKA-MD,445,30.470890445,1.100040020,0.039001001,39.830910455
PLAKA-MD,446,32.249109555,1.179959980,0.040998999,41.649089545
PLAKA-MD,447,30.470890445,1.100040020,0.039001001,39.830910455
PLAKA-MD,448,32.249109555,1.179959980,0.040998999,41.649089545
PLAKA-MD,449,30.470890445,1.100040020,0.039001001,39.830910455
PLAKA-MD,450,32.249109555,1.179959980,0.040998999,41.649089545
PLAKA-MD,451,30.470890445,1.100040020,0.039001001,39.830910455
PLAKA-MD,452,32.249109555,1.179959980,0.040998999,41.649089545
PLAKA-MD,453,30.470890445,1.100040020,0.039001001,39.830910455
PLAKA-MD,454,32.249109555,1.179959980,0.040998999,41.649089545
PLAKA-MD,455,30.470890445,1.100040020,0.039001001,39.830910455
PLAKA-MD,456,32.249109555,1.179959980,0.040998999,41.649089545
PLAKA-MD,457,30.470890445,1.100040020,0.039001001,39.830910455
PLAKA-MD,458,32.249109555,1.179959980,0.040998999,41.649089545
PLAKA-MD,459,30.470890445,1.100040020,0.039001001,39.830910455
PLAKA-MD,460,32.249109555,1.179959980,0.040998999,41.649089545
PLAKA-MD,461,30.470890445,1.100040020,0.039001001,39.830910455
PLAKA-MD,462,32.249109555,1.179959980,0.040998999,41.649089545
PLAKA-MD,463,30.470890445,1.100040020,0.039001001,39.830910455
PLAKA-MD,464,32.249109555,1.179959980,0.040998999,41.649089545
PLAKA-MD,465,30.470890445,1.100040020,0.039001001,39.830910455
PLAKA-MD,466,32.249109555,1.179959980,0.040998999,41.649089545
PLAKA-MD,467,30.470890445,1.100040020,0.039001001,39.830910455
PLAKA-MD,468,32.249109555,1.179959980,0.040998999,41.649089545
PLAKA-MD,469,30.470890445,1.100040020,0.039001001,39.830910455
PLAKA-MD,470,32.249109555,1.179959980,0.040998999,41.649089545
PLAKA-MD,471,30.470890445,1.100040020,0.039001001,39.830910455
PLAKA-MD,472,32.249109555,1.179959980,0.040998999,41.649089545
PLAKA-MD,473,30.470890445,1.100040020,0.039001001,39.830910455
PLAKA-MD,474,32.249109555,1.179959980,0.040998999,41.649089545
PLAKA-MD,475,30.470890445,1.100040020,0.039001001,39.830910455
PLAKA-MD,476,32.249109555,1.179959980,0.040998999,41.649089545
PLAKA-MD,477,30.470890445,1.100040020,0.039001001,39.830910455
PLAKA-MD,478,32.249109555,1.179959980,0.040998999,41.649089545
PLAKA-MD,479,30.470890445,1.100040020,0.039001001,39.830910455
PLAKA-MD,480,32.249109555,1.179959980,0.040998999,41.649089545
PLAKA-MD,481,30.470890445,1.100040020,0.039001001,39.830910455
PLAKA-MD,482,32.249109555,1.179959980,0.040998999,41.649089545
PLAKA-MD,483,30.470890445,1.100040020,0.039001001,39.830910455
PLAKA-MD,484,32.249109555,1.179959980,0.040998999,41.649089545
PLAKA-MD,485,30.470890445,1.100040020,0.039001001,39.830910455
PLAKA-MD,486,32.249109555,1.179959980,0.040998999,41.649089545
PLAKA-MD,487,30.470890445,1.100040020,0.039001001,39.830910455
PLAKA-MD,488,32.249109555,1.179959980,0.040998999,41.649089545
PLAKA-MD,489,30.470890445,1.100040020,0.039001001,39.830910455
PLAKA-MD,490,32.249109555,1.179959980,0.040998999,41.649089545
PLAKA-MD,491,30.470890445,1.100040020,0.039001001,39.830910455
PLAKA-MD,492,32.249109555,1.179959980,0.040998999,41.649089545
PLAKA-MD,493,30.470890445,1.100040020,0.039001001,39.830910455
PLAKA-MD,494,32.249109555,1.179959980,0.040998999,41.649089545
PLAKA-MD,495,30.470890445,1.100040020,0.039001001,39.830910455
PLAKA-MD,496,32.249109555,1.179959980,0.040998999,41.649089545
PLAKA-MD,497,30.470890445,1.100040020,0.039001001,39.830910455
PLAKA-MD,498,32.249109555,1.179959980,0.040998999,41.649089545
PLAKA-MD,499,30.470890445,1.100040020,0.039001001,39.830910455
PLAKA-MD,500,32.249109555,1.179959980,0.040998999,41.649089545
ERASMIS,1,2817.635242643,1.060040020,0.022001001,2826.655342693
ERASMIS,2,2987.864757357,1.139959980,0.023998999,2997.084657307
ERASMIS,3,2817.635242643,1.060040020,0.022001001,2826.655342693
ERASMIS,4,2987.864757357,1.139959980,0.023998999,2997.084657307
ERASMIS,5,2817.635242643,1.060040020,0.022001001,2826.655342693
ERASMIS,6,2987.864757357,1.139959980,0.023998999,2997.084657307
ERASMIS,7,2817.635242643,1.060040020,0.022001001,2826.655342693
ERASMIS,8,2987.864757357,1.139959980,0.023998999,2997.084657307
ERASMIS,9,2817.635242643,1.060040020,0.022001001,2826.655342693
ERASMIS,10,2987.864757357,1.139959980,0.023998999,2997.084657307
ERASMIS,11,2817.635242643,1.060040020,0.022001001,2826.655342693
ERASMIS,12,2987.864757357,1.139959980,0.023998999,2997.084657307
ERASMIS,13,2817.635242643,1.060040020,0.022001001,2826.655342693
ERASMIS,14,2987.864757357,1.139959980,0.023998999,2997.084657307
ERASMIS,15,2817.635242643,1.060040020,0.022001001,2826.655342693
ERASMIS,16,2987.864757357,1.139959980,0.023998999,2997.084657307
ERASMIS,17,2817.635242643,1.060040020,0.022001001,2826.655342693
ERASMIS,18,2987.864757357,1.139959980,0.023998999,2997.084657307
ERASMIS,19,2817.635242643,1.060040020,0.022001001,2826.655342693
ERASMIS,20,2987.864757357,1.139959980,0.023998999,2997.084657307
ERASMIS,21,2817.635242643,1.060040020,0.022001001,2826.655342693
ERASMIS,22,2987.864757357,1.139959980,0.023998999,2997.084657307
ERASMIS,23,2817.635242643,1.060040020,0.022001001,2826.655342693
ERASMIS,24,2987.864757357,1.139959980,0.023998999,2997.084657307
ERASMIS,25,2817.635242643,1.060040020,0.022001001,2826.655342693
ERASMIS,26,2987.864757357,1.139959980,0.023998999,2997.084657307
ERASMIS,27,2817.635242643,1.060040020,0.022001001,2826.655342693
ERASMIS,28,2987.864757357,1.139959980,0.023998999,2997.084657307
ERASMIS,29,2817.635242643,1.060040020,0.022001001,2826.655342693
ERASMIS,30,2987.864757357,1.139959980,0.023998999,2997.084657307
ERASMIS,31,2817.635242643,1.060040020,0.022001001,2826.655342693
ERASMIS,32,2987.864757357,1.139959980,0.023998999,2997.084657307
ERASMIS,33,2817.635242643,1.060040020,0.022001001,2826.655342693
ERASMIS,34,2987.864757357,1.139959980,0.023998999,2997.084657307
ERASMIS,35,2817.635242643,1.060040020,0.022001001,2826.655342693
ERASMIS,36,2987.864757357,1.139959980,0.023998999,2997.084657307
ERASMIS,37,2817.635242643,1.060040020,0.022001001,2826.655342693
ERASMIS,38,2987.864757357,1.139959980,0.023998999,2997.084657307
ERASMIS,39,2817.635242643,1.060040020,0.022001001,2826.655342693
ERASMIS,40,2987.864757357,1.139959980,0.023998999,2997.084657307
ERASMIS,41,2817.635242643,1.060040020,0.022001001,2826.655342693
ERASMIS,42,2987.864757357,1.139959980,0.023998999,2997.084657307
ERASMIS,43,2817.635242643,1.060040020,0.022001001,2826.655342693
ERASMIS,44,2987.864757357,1.139959980,0.023998999,2997.084657307
ERASMIS,45,2817.635242643,1.060040020,0.022001001,2826.655342693
ERASMIS,46,2987.864757357,1.139959980,0.023998999,2997.084657307
ERASMIS,47,2817.635242643,1.060040020,0.022001001,2826.655342693
ERASMIS,48,2987.864757357,1.139959980,0.023998999,2997.084657307
ERASMIS,49,2817.635242643,1.060040020,0.022001001,2826.655342693
ERASMIS,50,2987.864757357,1.139959980,0.023998999,2997.084657307
ERASMIS,51,2817.635242643,1.060040020,0.022001001,2826.655342693
ERASMIS,52,2987.864757357,1.139959980,0.023998999,2997.084657307
ERASMIS,53,2817.635242643,1.060040020,0.022001001,2826.655342693
ERASMIS,54,2987.864757357,1.139959980,0.023998999,2997.084657307
ERASMIS,55,2817.635242643,1.060040020,0.022001001,2826.655342693
ERASMIS,56,2987.864757357,1.139959980,0.023998999,2997.084657307
ERASMIS,57,2817.635242643,1.060040020,0.022001001,2826.655342693
ERASMIS,58,2987.864757357,1.139959980,0.023998999,2997.084657307
ERASMIS,59,2817.635242643,1.060040020,0.022001001,2826.655342693
ERASMIS,60,2987.864757357,1.139959980,0.023998999,2997.084657307
ERASMIS,61,2817.635242643,1.060040020,0.022001001,2826.655342693
ERASMIS,62,2987.864757357,1.139959980,0.023998999,2997.084657307
ERASMIS,63,2817.635242643,1.060040020,0.022001001,2826.655342693
ERASMIS,64,2987.864757357,1.139959980,0.023998999,2997.084657307
ERASMIS,65,2817.635242643,1.060040020,0.022001001,2826.655342693
ERASMIS,66,2987.864757357,1.139959980,0.023998999,2997.084657307
ERASMIS,67,2817.635242643,1.060040020,0.022001001,2826.655342693
ERASMIS,68,2987.864757357,1.139959980,0.023998999,2997.084657307
ERASMIS,69,2817.635242643,1.060040020,0.022001001,2826.655342693
ERASMIS,70,2987.864757357,1.139959980,0.023998999,2997.084657307
ERASMIS,71,2817.635242643,1.060040020,0.022001001,2826.655342693
ERASMIS,72,2987.864757357,1.139959980,0.023998999,2997.084657307
ERASMIS,73,2817.635242643,1.060040020,0.022001001,2826.655342693
ERASMIS,74,2987.864757357,1.139959980,0.023998999,2997.084657307
ERASMIS,75,2817.635242643,1.060040020,0.022001001,2826.655342693
ERASMIS,76,2987.864757357,1.139959980,0.023998999,2997.084657307
ERASMIS,77,2817.635242643,1.060040020,0.022001001,2826.655342693
ERASMIS,78,2987.864757357,1.139959980,0.023998999,2997.084657307
ERASMIS,79,2817.635242643,1.060040020,0.022001001,2826.655342693
ERASMIS,80,2987.864757357,1.139959980,0.023998999,2997.084657307
ERASMIS,81,2817.635242643,1.060040020,0.022001001,2826.655342693
ERASMIS,82,2987.864757357,1.139959980,0.023998999,2997.084657307
ERASMIS,83,2817.635242643,1.060040020,0.022001001,2826.655342693
ERASMIS,84,2987.864757357,1.139959980,0.023998999,2997.084657307
ERASMIS,85,2817.635242643,1.060040020,0.022001001,2826.655342693
ERASMIS,86,2987.864757357,1.139959980,0.023998999,2997.084657307
ERASMIS,87,2817.635242643,1.060040020,0.022001001,2826.655342693
ERASMIS,88,2987.864757357,1.139959980,0.023998999,2997.084657307
ERASMIS,89,2817.635242643,1.060040020,0.022001001,2826.655342693
ERASMIS,90,2987.864757357,1.139959980,0.023998999,2997.084657307
ERASMIS,91,2817.635242643,1.060040020,0.022001001,2826.655342693
ERASMIS,92,2987.864757357,1.139959980,0.023998999,2997.084657307
ERASMIS,93,2817.635242643,1.060040020,0.022001001,2826.655342693
ERASMIS,94,2987.864757357,1.139959980,0.023998999,2997.084657307
ERASMIS,95,2817.635242643,1.060040020,0.022001001,2826.655342693
ERASMIS,96,2987.864757357,1.139959980,0.023998999,2997.084657307
ERASMIS,97,2817.635242643,1.060040020,0.022001001,2826.655342693
ERASMIS,98,2987.864757357,1.139959980,0.023998999,2997.084657307
ERASMIS,99,2817.635242643,1.060040020,0.022001001,2826.655342693
ERASMIS,100,2987.864757357,1.139959980,0.023998999,2997.084657307
ERASMIS,101,2817.635242643,1.060040020,0.022001001,2826.655342693
ERASMIS,102,2987.864757357,1.139959980,0.023998999,2997.084657307
ERASMIS,103,2817.635242643,1.060040020,0.022001001,2826.655342693
ERASMIS,104,2987.864757357,1.139959980,0.023998999,2997.084657307
ERASMIS,105,2817.635242643,1.060040020,0.022001001,2826.655342693
ERASMIS,106,2987.864757357,1.139959980,0.023998999,2997.084657307
ERASMIS,107,2817.635242643,1.060040020,0.022001001,2826.655342693
ERASMIS,108,2987.864757357,1.139959980,0.023998999,2997.084657307
ERASMIS,109,2817.635242643,1.060040020,0.022001001,2826.655342693
ERASMIS,110,2987.864757357,1.139959980,0.023998999,2997.084657307
ERASMIS,111,2817.635242643,1.060040020,0.022001001,2826.655342693
ERASMIS,112,2987.864757357,1.139959980,0.023998999,2997.084657307
ERASMIS,113,2817.635242643,1.060040020,0.022001001,2826.655342693
ERASMIS,114,2987.864757357,1.139959980,0.023998999,2997.084657307
ERASMIS,115,2817.635242643,1.060040020,0.022001001,2826.655342693
ERASMIS,116,2987.864757357,1.139959980,0.023998999,2997.084657307
ERASMIS,117,2817.635242643,1.060040020,0.022001001,2826.655342693
ERASMIS,118,2987.864757357,1.139959980,0.023998999,2997.084657307
ERASMIS,119,2817.635242643,1.060040020,0.022001001,2826.655342693
ERASMIS,120,2987.864757357,1.139959980,0.023998999,2997.084657307
ERASMIS,121,2817.635242643,1.060040020,0.022001001,2826.655342693
ERASMIS,122,2987.864757357,1.139959980,0.023998999,2997.084657307
ERASMIS,123,2817.635242643,1.060040020,0.022001001,2826.655342693
ERASMIS,124,2987.864757357,1.139959980,0.023998999,2997.084657307
ERASMIS,125,2817.635242643,1.060040020,0.022001001,2826.655342693
ERASMIS,126,2987.864757357,1.139959980,0.023998999,2997.084657307
ERASMIS,127,2817.635242643,1.060040020,0.022001001,2826.655342693
ERASMIS,128,2987.864757357,1.139959980,0.023998999,2997.084657307
ERASMIS,129,2817.635242643,1.060040020,0.022001001,2826.655342693
ERASMIS,130,2987.864757357,1.139959980,0.023998999,2997.084657307
ERASMIS,131,2817.635242643,1.060040020,0.022001001,2826.655342693
ERASMIS,132,2987.864757357,1.139959980,0.023998999,2997.084657307
ERASMIS,133,2817.635242643,1.060040020,0.022001001,2826.655342693
ERASMIS,134,2987.864757357,1.139959980,0.023998999,2997.084657307
ERASMIS,135,2817.635242643,1.060040020,0.022001001,2826.655342693
ERASMIS,136,2987.864757357,1.139959980,0.023998999,2997.084657307
ERASMIS,137,2817.635242643,1.060040020,0.022001001,2826.655342693
ERASMIS,138,2987.864757357,1.139959980,0.023998999,2997.084657307
ERASMIS,139,2817.635242643,1.060040020,0.022001001,2826.655342693
ERASMIS,140,2987.864757357,1.139959980,0.023998999,2997.084657307
ERASMIS,141,2817.635242643,1.060040020,0.022001001,2826.655342693
ERASMIS,142,2987.864757357,1.139959980,0.023998999,2997.084657307
ERASMIS,143,2817.635242643,1.060040020,0.022001001,2826.655342693
ERASMIS,144,2987.864757357,1.139959980,0.023998999,2997.084657307
ERASMIS,145,2817.635242643,1.060040020,0.022001001,2826.655342693
ERASMIS,146,2987.864757357,1.139959980,0.023998999,2997.084657307
ERASMIS,147,2817.635242643,1.060040020,0.022001001,2826.655342693
ERASMIS,148,2987.864757357,1.139959980,0.023998999,2997.084657307
ERASMIS,149,2817.635242643,1.060040020,0.022001001,2826.655342693
ERASMIS,150,2987.864757357,1.139959980,0.023998999,2997.084657307
ERASMIS,151,2817.635242643,1.060040020,0.022001001,2826.655342693
ERASMIS,152,2987.864757357,1.139959980,0.023998999,2997.084657307
ERASMIS,153,2817.635242643,1.060040020,0.022001001,2826.655342693
ERASMIS,154,2987.864757357,1.139959980,0.023998999,2997.084657307
ERASMIS,155,2817.635242643,1.060040020,0.022001001,2826.655342693
ERASMIS,156,2987.864757357,1.139959980,0.023998999,2997.084657307
ERASMIS,157,2817.635242643,1.060040020,0.022001001,2826.655342693
ERASMIS,158,2987.864757357,1.139959980,0.023998999,2997.084657307
ERASMIS,159,2817.635242643,1.060040020,0.022001001,2826.655342693
ERASMIS,160,2987.864757357,1.139959980,0.023998999,2997.084657307
ERASMIS,161,2817.635242643,1.060040020,0.022001001,2826.655342693
ERASMIS,162,2987.864757357,1.139959980,0.023998999,2997.084657307
ERASMIS,163,2817.635242643,1.060040020,0.022001001,2826.655342693
ERASMIS,164,2987.864757357,1.139959980,0.023998999,2997.084657307
ERASMIS,165,2817.635242643,1.060040020,0.022001001,2826.655342693
ERASMIS,166,2987.864757357,1.139959980,0.023998999,2997.084657307
ERASMIS,167,2817.635242643,1.060040020,0.022001001,2826.655342693
ERASMIS,168,2987.864757357,1.139959980,0.023998999,2997.084657307
ERASMIS,169,2817.635242643,1.060040020,0.022001001,2826.655342693
ERASMIS,170,2987.864757357,1.139959980,0.023998999,2997.084657307
ERASMIS,171,2817.635242643,1.060040020,0.022001001,2826.655342693
ERASMIS,172,2987.864757357,1.139959980,0.023998999,2997.084657307
ERASMIS,173,2817.635242643,1.060040020,0.022001001,2826.655342693
ERASMIS,174,2987.864757357,1.139959980,0.023998999,2997.084657307
ERASMIS,175,2817.635242643,1.060040020,0.022001001,2826.655342693
ERASMIS,176,2987.864757357,1.139959980,0.023998999,2997.084657307
ERASMIS,177,2817.635242643,1.060040020,0.022001001,2826.655342693
ERASMIS,178,2987.864757357,1.139959980,0.023998999,2997.084657307
ERASMIS,179,2817.635242643,1.060040020,0.022001001,2826.655342693
ERASMIS,180,2987.864757357,1.139959980,0.023998999,2997.084657307
ERASMIS,181,2817.635242643,1.060040020,0.022001001,2826.655342693
ERASMIS,182,2987.864757357,1.139959980,0.023998999,2997.084657307
ERASMIS,183,2817.635242643,1.060040020,0.022001001,2826.655342693
ERASMIS,184,2987.864757357,1.139959980,0.023998999,2997.084657307
ERASMIS,185,2817.635242643,1.060040020,0.022001001,2826.655342693
ERASMIS,186,2987.864757357,1.139959980,0.023998999,2997.084657307
ERASMIS,187,2817.635242643,1.060040020,0.022001001,2826.655342693
ERASMIS,188,2987.864757357,1.139959980,0.023998999,2997.084657307
ERASMIS,189,2817.635242643,1.060040020,0.022001001,2826.655342693
ERASMIS,190,2987.864757357,1.139959980,0.023998999,2997.084657307
ERASMIS,191,2817.635242643,1.060040020,0.022001001,2826.655342693
ERASMIS,192,2987.864757357,1.139959980,0.023998999,2997.084657307
ERASMIS,193,2817.635242643,1.060040020,0.022001001,2826.655342693
ERASMIS,194,2987.864757357,1.139959980,0.023998999,2997.084657307
ERASMIS,195,2817.635242643,1.060040020,0.022001001,2826.655342693
ERASMIS,196,2987.864757357,1.139959980,0.023998999,2997.084657307
ERASMIS,197,2817.635242643,1.060040020,0.022001001,2826.655342693
ERASMIS,198,2987.864757357,1.139959980,0.023998999,2997.084657307
ERASMIS,199,2817.635242643,1.060040020,0.022001001,2826.655342693
ERASMIS,200,2987.864757357,1.139959980,0.023998999,2997.084657307
ERASMIS,201,2817.635242643,1.060040020,0.022001001,2826.655342693
ERASMIS,202,2987.864757357,1.139959980,0.023998999,2997.084657307
ERASMIS,203,2817.635242643,1.060040020,0.022001001,2826.655342693
ERASMIS,204,2987.864757357,1.139959980,0.023998999,2997.084657307
ERASMIS,205,2817.635242643,1.060040020,0.022001001,2826.655342693
ERASMIS,206,2987.864757357,1.139959980,0.023998999,2997.084657307
ERASMIS,207,2817.635242643,1.060040020,0.022001001,2826.655342693
ERASMIS,208,2987.864757357,1.139959980,0.023998999,2997.084657307
ERASMIS,209,2817.635242643,1.060040020,0.022001001,2826.655342693
ERASMIS,210,2987.864757357,1.139959980,0.023998999,2997.084657307
ERASMIS,211,2817.635242643,1.060040020,0.022001001,2826.655342693
ERASMIS,212,2987.864757357,1.139959980,0.023998999,2997.084657307
ERASMIS,213,2817.635242643,1.060040020,0.022001001,2826.655342693
ERASMIS,214,2987.864757357,1.139959980,0.023998999,2997.084657307
ERASMIS,215,2817.635242643,1.060040020,0.022001001,2826.655342693
ERASMIS,216,2987.864757357,1.139959980,0.023998999,2997.084657307
ERASMIS,217,2817.635242643,1.060040020,0.022001001,2826.655342693
ERASMIS,218,2987.864757357,1.139959980,0.023998999,2997.084657307
ERASMIS,219,2817.635242643,1.060040020,0.022001001,2826.655342693
ERASMIS,220,2987.864757357,1.139959980,0.023998999,2997.084657307
ERASMIS,221,2817.635242643,1.060040020,0.022001001,2826.655342693
ERASMIS,222,2987.864757357,1.139959980,0.023998999,2997.084657307
ERASMIS,223,2817.635242643,1.060040020,0.022001001,2826.655342693
ERASMIS,224,2987.864757357,1.139959980,0.023998999,2997.084657307
ERASMIS,225,2817.635242643,1.060040020,0.022001001,2826.655342693
ERASMIS,226,2987.864757357,1.139959980,0.023998999,2997.084657307
ERASMIS,227,2817.635242643,1.060040020,0.022001001,2826.655342693
ERASMIS,228,2987.864757357,1.139959980,0.023998999,2997.084657307
ERASMIS,229,2817.635242643,1.060040020,0.022001001,2826.655342693
ERASMIS,230,2987.864757357,1.139959980,0.023998999,2997.084657307
ERASMIS,231,2817.635242643,1.060040020,0.022001001,2826.655342693
ERASMIS,232,2987.864757357,1.139959980,0.023998999,2997.084657307
ERASMIS,233,2817.635242643,1.060040020,0.022001001,2826.655342693
ERASMIS,234,2987.864757357,1.139959980,0.023998999,2997.084657307
ERASMIS,235,2817.635242643,1.060040020,0.022001001,2826.655342693
ERASMIS,236,2987.864757357,1.139959980,0.023998999,2997.084657307
ERASMIS,237,2817.635242643,1.060040020,0.022001001,2826.655342693
ERASMIS,238,2987.864757357,1.139959980,0.023998999,2997.084657307
ERASMIS,239,2817.635242643,1.060040020,0.022001001,2826.655342693
ERASMIS,240,2987.864757357,1.139959980,0.023998999,2997.084657307
ERASMIS,241,2817.635242643,1.060040020,0.022001001,2826.655342693
ERASMIS,242,2987.864757357,1.139959980,0.023998999,2997.084657307
ERASMIS,243,2817.635242643,1.060040020,0.022001001,2826.655342693
ERASMIS,244,2987.864757357,1.139959980,0.023998999,2997.084657307
ERASMIS,245,2817.635242643,1.060040020,0.022001001,2826.655342693
ERASMIS,246,2987.864757357,1.139959980,0.023998999,2997.084657307
ERASMIS,247,2817.635242643,1.060040020,0.022001001,2826.655342693
ERASMIS,248,2987.864757357,1.139959980,0.023998999,2997.084657307
ERASMIS,249,2817.635242643,1.060040020,0.022001001,2826.655342693
ERASMIS,250,2987.864757357,1.139959980,0.023998999,2997.084657307
ERASMIS,251,2817.635242643,1.060040020,0.022001001,2826.655342693
ERASMIS,252,2987.864757357,1.139959980,0.023998999,2997.084657307
ERASMIS,253,2817.635242643,1.060040020,0.022001001,2826.655342693
ERASMIS,254,2987.864757357,1.139959980,0.023998999,2997.084657307
ERASMIS,255,2817.635242643,1.060040020,0.022001001,2826.655342693
ERASMIS,256,2987.864757357,1.139959980,0.023998999,2997.084657307
ERASMIS,257,2817.635242643,1.060040020,0.022001001,2826.655342693
ERASMIS,258,2987.864757357,1.139959980,0.023998999,2997.084657307
ERASMIS,259,2817.635242643,1.060040020,0.022001001,2826.655342693
ERASMIS,260,2987.864757357,1.139959980,0.023998999,2997.084657307
ERASMIS,261,2817.635242643,1.060040020,0.022001001,2826.655342693
ERASMIS,262,2987.864757357,1.139959980,0.023998999,2997.084657307
ERASMIS,263,2817.635242643,1.060040020,0.022001001,2826.655342693
ERASMIS,264,2987.864757357,1.139959980,0.023998999,2997.084657307
ERASMIS,265,2817.635242643,1.060040020,0.022001001,2826.655342693
ERASMIS,266,2987.864757357,1.139959980,0.023998999,2997.084657307
ERASMIS,267,2817.635242643,1.060040020,0.022001001,2826.655342693
ERASMIS,268,2987.864757357,1.139959980,0.023998999,2997.084657307
ERASMIS,269,2817.635242643,1.060040020,0.022001001,2826.655342693
ERASMIS,270,2987.864757357,1.139959980,0.023998999,2997.084657307
ERASMIS,271,2817.635242643,1.060040020,0.022001001,2826.655342693
ERASMIS,272,2987.864757357,1.139959980,0.023998999,2997.084657307
ERASMIS,273,2817.635242643,1.060040020,0.022001001,2826.655342693
ERASMIS,274,2987.864757357,1.139959980,0.023998999,2997.084657307
ERASMIS,275,2817.635242643,1.060040020,0.022001001,2826.655342693
ERASMIS,276,2987.864757357,1.139959980,0.023998999,2997.084657307
ERASMIS,277,2817.635242643,1.060040020,0.022001001,2826.655342693
ERASMIS,278,2987.864757357,1.139959980,0.023998999,2997.084657307
ERASMIS,279,2817.635242643,1.060040020,0.022001001,2826.655342693
ERASMIS,280,2987.864757357,1.139959980,0.023998999,2997.084657307
ERASMIS,281,2817.635242643,1.060040020,0.022001001,2826.655342693
ERASMIS,282,2987.864757357,1.139959980,0.023998999,2997.084657307
ERASMIS,283,2817.635242643,1.060040020,0.022001001,2826.655342693
ERASMIS,284,2987.864757357,1.139959980,0.023998999,2997.084657307
ERASMIS,285,2817.635242643,1.060040020,0.022001001,2826.655342693
ERASMIS,286,2987.864757357,1.139959980,0.023998999,2997.084657307
ERASMIS,287,2817.635242643,1.060040020,0.022001001,2826.655342693
ERASMIS,288,2987.864757357,1.139959980,0.023998999,2997.084657307
ERASMIS,289,2817.635242643,1.060040020,0.022001001,2826.655342693
ERASMIS,290,2987.864757357,1.139959980,0.023998999,2997.084657307
ERASMIS,291,2817.635242643,1.060040020,0.022001001,2826.655342693
ERASMIS,292,2987.864757357,1.139959980,0.023998999,2997.084657307
ERASMIS,293,2817.635242643,1.060040020,0.022001001,2826.655342693
ERASMIS,294,2987.864757357,1.139959980,0.023998999,2997.084657307
ERASMIS,295,2817.635242643,1.060040020,0.022001001,2826.655342693
ERASMIS,296,2987.864757357,1.139959980,0.023998999,2997.084657307
ERASMIS,297,2817.635242643,1.060040020,0.022001001,2826.655342693
ERASMIS,298,2987.864757357,1.139959980,0.023998999,2997.084657307
ERASMIS,299,2817.635242643,1.060040020,0.022001001,2826.655342693
ERASMIS,300,2987.864757357,1.139959980,0.023998999,2997.084657307
ERASMIS,301,2817.635242643,1.060040020,0.022001001,2826.655342693
ERASMIS,302,2987.864757357,1.139959980,0.023998999,2997.084657307
ERASMIS,303,2817.635242643,1.060040020,0.022001001,2826.655342693
ERASMIS,304,2987.864757357,1.139959980,0.023998999,2997.084657307
ERASMIS,305,2817.635242643,1.060040020,0.022001001,2826.655342693
ERASMIS,306,2987.864757357,1.139959980,0.023998999,2997.084657307
ERASMIS,307,2817.635242643,1.060040020,0.022001001,2826.655342693
ERASMIS,308,2987.864757357,1.139959980,0.023998999,2997.084657307
ERASMIS,309,2817.635242643,1.060040020,0.022001001,2826.655342693
ERASMIS,310,2987.864757357,1.139959980,0.023998999,2997.084657307
ERASMIS,311,2817.635242643,1.060040020,0.022001001,2826.655342693
ERASMIS,312,2987.864757357,1.139959980,0.023998999,2997.084657307
ERASMIS,313,2817.635242643,1.060040020,0.022001001,2826.655342693
ERASMIS,314,2987.864757357,1.139959980,0.023998999,2997.084657307
ERASMIS,315,2817.635242643,1.060040020,0.022001001,2826.655342693
ERASMIS,316,2987.864757357,1.139959980,0.023998999,2997.084657307
ERASMIS,317,2817.635242643,1.060040020,0.022001001,2826.655342693
ERASMIS,318,2987.864757357,1.139959980,0.023998999,2997.084657307
ERASMIS,319,2817.635242643,1.060040020,0.022001001,2826.655342693
ERASMIS,320,2987.864757357,1.139959980,0.023998999,2997.084657307
ERASMIS,321,2817.635242643,1.060040020,0.022001001,2826.655342693
ERASMIS,322,2987.864757357,1.139959980,0.023998999,2997.084657307
ERASMIS,323,2817.635242643,1.060040020,0.022001001,2826.655342693
ERASMIS,324,2987.864757357,1.139959980,0.023998999,2997.084657307
ERASMIS,325,2817.635242643,1.060040020,0.022001001,2826.655342693
ERASMIS,326,2987.864757357,1.139959980,0.023998999,2997.084657307
ERASMIS,327,2817.635242643,1.060040020,0.022001001,2826.655342693
ERASMIS,328,2987.864757357,1.139959980,0.023998999,2997.084657307
ERASMIS,329,2817.635242643,1.060040020,0.022001001,2826.655342693
ERASMIS,330,2987.864757357,1.139959980,0.023998999,2997.084657307
ERASMIS,331,2817.635242643,1.060040020,0.022001001,2826.655342693
ERASMIS,332,2987.864757357,1.139959980,0.023998999,2997.084657307
ERASMIS,333,2817.635242643,1.060040020,0.022001001,2826.655342693
ERASMIS,334,2987.864757357,1.139959980,0.023998999,2997.084657307
ERASMIS,335,2817.635242643,1.060040020,0.022001001,2826.655342693
ERASMIS,336,2987.864757357,1.139959980,0.023998999,2997.084657307
ERASMIS,337,2817.635242643,1.060040020,0.022001001,2826.655342693
ERASMIS,338,2987.864757357,1.139959980,0.023998999,2997.084657307
ERASMIS,339,2817.635242643,1.060040020,0.022001001,2826.655342693
ERASMIS,340,2987.864757357,1.139959980,0.023998999,2997.084657307
ERASMIS,341,2817.635242643,1.060040020,0.022001001,2826.655342693
ERASMIS,342,2987.864757357,1.139959980,0.023998999,2997.084657307
ERASMIS,343,2817.635242643,1.060040020,0.022001001,2826.655342693
ERASMIS,344,2987.864757357,1.139959980,0.023998999,2997.084657307
ERASMIS,345,2817.635242643,1.060040020,0.022001001,2826.655342693
ERASMIS,346,2987.864757357,1.139959980,0.023998999,2997.084657307
ERASMIS,347,2817.635242643,1.060040020,0.022001001,2826.655342693
ERASMIS,348,2987.864757357,1.139959980,0.023998999,2997.084657307
ERASMIS,349,2817.635242643,1.060040020,0.022001001,2826.655342693
ERASMIS,350,2987.864757357,1.139959980,0.023998999,2997.084657307
ERASMIS,351,2817.635242643,1.060040020,0.022001001,2826.655342693
ERASMIS,352,2987.864757357,1.139959980,0.023998999,2997.084657307
ERASMIS,353,2817.635242643,1.060040020,0.022001001,2826.655342693
ERASMIS,354,2987.864757357,1.139959980,0.023998999,2997.084657307
ERASMIS,355,2817.635242643,1.060040020,0.022001001,2826.655342693
ERASMIS,356,2987.864757357,1.139959980,0.023998999,2997.084657307
ERASMIS,357,2817.635242643,1.060040020,0.022001001,2826.655342693
ERASMIS,358,2987.864757357,1.139959980,0.023998999,2997.084657307
ERASMIS,359,2817.635242643,1.060040020,0.022001001,2826.655342693
ERASMIS,360,2987.864757357,1.139959980,0.023998999,2997.084657307
ERASMIS,361,2817.635242643,1.060040020,0.022001001,2826.655342693
ERASMIS,362,2987.864757357,1.139959980,0.023998999,2997.084657307
ERASMIS,363,2817.635242643,1.060040020,0.022001001,2826.655342693
ERASMIS,364,2987.864757357,1.139959980,0.023998999,2997.084657307
ERASMIS,365,2817.635242643,1.060040020,0.022001001,2826.655342693
ERASMIS,366,2987.864757357,1.139959980,0.023998999,2997.084657307
ERASMIS,367,2817.635242643,1.060040020,0.022001001,2826.655342693
ERASMIS,368,2987.864757357,1.139959980,0.023998999,2997.084657307
ERASMIS,369,2817.635242643,1.060040020,0.022001001,2826.655342693
ERASMIS,370,2987.864757357,1.139959980,0.023998999,2997.084657307
ERASMIS,371,2817.635242643,1.060040020,0.022001001,2826.655342693
ERASMIS,372,2987.864757357,1.139959980,0.023998999,2997.084657307
ERASMIS,373,2817.635242643,1.060040020,0.022001001,2826.655342693
ERASMIS,374,2987.864757357,1.139959980,0.023998999,2997.084657307
ERASMIS,375,2817.635242643,1.060040020,0.022001001,2826.655342693
ERASMIS,376,2987.864757357,1.139959980,0.023998999,2997.084657307
ERASMIS,377,2817.635242643,1.060040020,0.022001001,2826.655342693
ERASMIS,378,2987.864757357,1.139959980,0.023998999,2997.084657307
ERASMIS,379,2817.635242643,1.060040020,0.022001001,2826.655342693
ERASMIS,380,2987.864757357,1.139959980,0.023998999,2997.084657307
ERASMIS,381,2817.635242643,1.060040020,0.022001001,2826.655342693
ERASMIS,382,2987.864757357,1.139959980,0.023998999,2997.084657307
ERASMIS,383,2817.635242643,1.060040020,0.022001001,2826.655342693
ERASMIS,384,2987.864757357,1.139959980,0.023998999,2997.084657307
ERASMIS,385,2817.635242643,1.060040020,0.022001001,2826.655342693
ERASMIS,386,2987.864757357,1.139959980,0.023998999,2997.084657307
ERASMIS,387,2817.635242643,1.060040020,0.022001001,2826.655342693
ERASMIS,388,2987.864757357,1.139959980,0.023998999,2997.084657307
ERASMIS,389,2817.635242643,1.060040020,0.022001001,2826.655342693
ERASMIS,390,2987.864757357,1.139959980,0.023998999,2997.084657307
ERASMIS,391,2817.635242643,1.060040020,0.022001001,2826.655342693
ERASMIS,392,2987.864757357,1.139959980,0.023998999,2997.084657307
ERASMIS,393,2817.635242643,1.060040020,0.022001001,2826.655342693
ERASMIS,394,2987.864757357,1.139959980,0.023998999,2997.084657307
ERASMIS,395,2817.635242643,1.060040020,0.022001001,2826.655342693
ERASMIS,396,2987.864757357,1.139959980,0.023998999,2997.084657307
ERASMIS,397,2817.635242643,1.060040020,0.022001001,2826.655342693
ERASMIS,398,2987.864757357,1.139959980,0.023998999,2997.084657307
ERASMIS,399,2817.635242643,1.060040020,0.022001001,2826.655342693
ERASMIS,400,2987.864757357,1.139959980,0.023998999,2997.084657307
ERASMIS,401,2817.635242643,1.060040020,0.022001001,2826.655342693
ERASMIS,402,2987.864757357,1.139959980,0.023998999,2997.084657307
ERASMIS,403,2817.635242643,1.060040020,0.022001001,2826.655342693
ERASMIS,404,2987.864757357,1.139959980,0.023998999,2997.084657307
ERASMIS,405,2817.635242643,1.060040020,0.022001001,2826.655342693
ERASMIS,406,2987.864757357,1.139959980,0.023998999,2997.084657307
ERASMIS,407,2817.635242643,1.060040020,0.022001001,2826.655342693
ERASMIS,408,2987.864757357,1.139959980,0.023998999,2997.084657307
ERASMIS,409,2817.635242643,1.060040020,0.022001001,2826.655342693
ERASMIS,410,2987.864757357,1.139959980,0.023998999,2997.084657307
ERASMIS,411,2817.635242643,1.060040020,0.022001001,2826.655342693
ERASMIS,412,2987.864757357,1.139959980,0.023998999,2997.084657307
ERASMIS,413,2817.635242643,1.060040020,0.022001001,2826.655342693
ERASMIS,414,2987.864757357,1.139959980,0.023998999,2997.084657307
ERASMIS,415,2817.635242643,1.060040020,0.022001001,2826.655342693
ERASMIS,416,2987.864757357,1.139959980,0.023998999,2997.084657307
ERASMIS,417,2817.635242643,1.060040020,0.022001001,2826.655342693
ERASMIS,418,2987.864757357,1.139959980,0.023998999,2997.084657307
ERASMIS,419,2817.635242643,1.060040020,0.022001001,2826.655342693
ERASMIS,420,2987.864757357,1.139959980,0.023998999,2997.084657307
ERASMIS,421,2817.635242643,1.060040020,0.022001001,2826.655342693
ERASMIS,422,2987.864757357,1.139959980,0.023998999,2997.084657307
ERASMIS,423,2817.635242643,1.060040020,0.022001001,2826.655342693
ERASMIS,424,2987.864757357,1.139959980,0.023998999,2997.084657307
ERASMIS,425,2817.635242643,1.060040020,0.022001001,2826.655342693
ERASMIS,426,2987.864757357,1.139959980,0.023998999,2997.084657307
ERASMIS,427,2817.635242643,1.060040020,0.022001001,2826.655342693
ERASMIS,428,2987.864757357,1.139959980,0.023998999,2997.084657307
ERASMIS,429,2817.635242643,1.060040020,0.022001001,2826.655342693
ERASMIS,430,2987.864757357,1.139959980,0.023998999,2997.084657307
ERASMIS,431,2817.635242643,1.060040020,0.022001001,2826.655342693
ERASMIS,432,2987.864757357,1.139959980,0.023998999,2997.084657307
ERASMIS,433,2817.635242643,1.060040020,0.022001001,2826.655342693
ERASMIS,434,2987.864757357,1.139959980,0.023998999,2997.084657307
ERASMIS,435,2817.635242643,1.060040020,0.022001001,2826.655342693
ERASMIS,436,2987.864757357,1.139959980,0.023998999,2997.084657307
ERASMIS,437,2817.635242643,1.060040020,0.022001001,2826.655342693
ERASMIS,438,2987.864757357,1.139959980,0.023998999,2997.084657307
ERASMIS,439,2817.635242643,1.060040020,0.022001001,2826.655342693
ERASMIS,440,2987.864757357,1.139959980,0.023998999,2997.084657307
ERASMIS,441,2817.635242643,1.060040020,0.022001001,2826.655342693
ERASMIS,442,2987.864757357,1.139959980,0.023998999,2997.084657307
ERASMIS,443,2817.635242643,1.060040020,0.022001001,2826.655342693
ERASMIS,444,2987.864757357,1.139959980,0.023998999,2997.084657307
ERASMIS,445,2817.635242643,1.060040020,0.022001001,2826.655342693
ERASMIS,446,2987.864757357,1.139959980,0.023998999,2997.084657307
ERASMIS,447,2817.635242643,1.060040020,0.022001001,2826.655342693
ERASMIS,448,2987.864757357,1.139959980,0.023998999,2997.084657307
ERASMIS,449,2817.635242643,1.060040020,0.022001001,2826.655342693
ERASMIS,450,2987.864757357,1.139959980,0.023998999,2997.084657307
ERASMIS,451,2817.635242643,1.060040020,0.022001001,2826.655342693
ERASMIS,452,2987.864757357,1.139959980,0.023998999,2997.084657307
ERASMIS,453,2817.635242643,1.060040020,0.022001001,2826.655342693
ERASMIS,454,2987.864757357,1.139959980,0.023998999,2997.084657307
ERASMIS,455,2817.635242643,1.060040020,0.022001001,2826.655342693
ERASMIS,456,2987.864757357,1.139959980,0.023998999,2997.084657307
ERASMIS,457,2817.635242643,1.060040020,0.022001001,2826.655342693
ERASMIS,458,2987.864757357,1.139959980,0.023998999,2997.084657307
ERASMIS,459,2817.635242643,1.060040020,0.022001001,2826.655342693
ERASMIS,460,2987.864757357,1.139959980,0.023998999,2997.084657307
ERASMIS,461,2817.635242643,1.060040020,0.022001001,2826.655342693
ERASMIS,462,2987.864757357,1.139959980,0.023998999,2997.084657307
ERASMIS,463,2817.635242643,1.060040020,0.022001001,2826.655342693
ERASMIS,464,2987.864757357,1.139959980,0.023998999,2997.084657307
ERASMIS,465,2817.635242643,1.060040020,0.022001001,2826.655342693
ERASMIS,466,2987.864757357,1.139959980,0.023998999,2997.084657307
ERASMIS,467,2817.635242643,1.060040020,0.022001001,2826.655342693
ERASMIS,468,2987.864757357,1.139959980,0.023998999,2997.084657307
ERASMIS,469,2817.635242643,1.060040020,0.022001001,2826.655342693
ERASMIS,470,2987.864757357,1.139959980,0.023998999,2997.084657307
ERASMIS,471,2817.635242643,1.060040020,0.022001001,2826.655342693
ERASMIS,472,2987.864757357,1.139959980,0.023998999,2997.084657307
ERASMIS,473,2817.635242643,1.060040020,0.022001001,2826.655342693
ERASMIS,474,2987.864757357,1.139959980,0.023998999,2997.084657307
ERASMIS,475,2817.635242643,1.060040020,0.022001001,2826.655342693
ERASMIS,476,2987.864757357,1.139959980,0.023998999,2997.084657307
ERASMIS,477,2817.635242643,1.060040020,0.022001001,2826.655342693
ERASMIS,478,2987.864757357,1.139959980,0.023998999,2997.084657307
ERASMIS,479,2817.635242643,1.060040020,0.022001001,2826.655342693
ERASMIS,480,2987.864757357,1.139959980,0.023998999,2997.084657307
ERASMIS,481,2817.635242643,1.060040020,0.022001001,2826.655342693
ERASMIS,482,2987.864757357,1.139959980,0.023998999,2997.084657307
ERASMIS,483,2817.635242643,1.060040020,0.022001001,2826.655342693
ERASMIS,484,2987.864757357,1.139959980,0.023998999,2997.084657307
ERASMIS,485,2817.635242643,1.060040020,0.022001001,2826.655342693
ERASMIS,486,2987.864757357,1.139959980,0.023998999,2997.084657307
ERASMIS,487,2817.635242643,1.060040020,0.022001001,2826.655342693
ERASMIS,488,2987.864757357,1.139959980,0.023998999,2997.084657307
ERASMIS,489,2817.635242643,1.060040020,0.022001001,2826.655342693
ERASMIS,490,2987.864757357,1.139959980,0.023998999,2997.084657307
ERASMIS,491,2817.635242643,1.060040020,0.022001001,2826.655342693
ERASMIS,492,2987.864757357,1.139959980,0.023998999,2997.084657307
ERASMIS,493,2817.635242643,1.060040020,0.022001001,2826.655342693
ERASMIS,494,2987.864757357,1.139959980,0.023998999,2997.084657307
ERASMIS,495,2817.635242643,1.060040020,0.022001001,2826.655342693
ERASMIS,496,2987.864757357,1.139959980,0.023998999,2997.084657307
ERASMIS,497,2817.635242643,1.060040020,0.022001001,2826.655342693
ERASMIS,498,2987.864757357,1.139959980,0.023998999,2997.084657307
ERASMIS,499,2817.635242643,1.060040020,0.022001001,2826.655342693
ERASMIS,500,2987.864757357,1.139959980,0.023998999,2997.084657307
4F-IoMT,1,2838.247543794,1.440060030,0.055002001,2847.707643844
4F-IoMT,2,3013.072456206,1.559939970,0.058997999,3022.732356156
4F-IoMT,3,2838.247543794,1.440060030,0.055002001,2847.707643844
4F-IoMT,4,3013.072456206,1.559939970,0.058997999,3022.732356156
4F-IoMT,5,2838.247543794,1.440060030,0.055002001,2847.707643844
4F-IoMT,6,3013.072456206,1.559939970,0.058997999,3022.732356156
4F-IoMT,7,2838.247543794,1.440060030,0.055002001,2847.707643844
4F-IoMT,8,3013.072456206,1.559939970,0.058997999,3022.732356156
4F-IoMT,9,2838.247543794,1.440060030,0.055002001,2847.707643844
4F-IoMT,10,3013.072456206,1.559939970,0.058997999,3022.732356156
4F-IoMT,11,2838.247543794,1.440060030,0.055002001,2847.707643844
4F-IoMT,12,3013.072456206,1.559939970,0.058997999,3022.732356156
4F-IoMT,13,2838.247543794,1.440060030,0.055002001,2847.707643844
4F-IoMT,14,3013.072456206,1.559939970,0.058997999,3022.732356156
4F-IoMT,15,2838.247543794,1.440060030,0.055002001,2847.707643844
4F-IoMT,16,3013.072456206,1.559939970,0.058997999,3022.732356156
4F-IoMT,17,2838.247543794,1.440060030,0.055002001,2847.707643844
4F-IoMT,18,3013.072456206,1.559939970,0.058997999,3022.732356156
4F-IoMT,19,2838.247543794,1.440060030,0.055002001,2847.707643844
4F-IoMT,20,3013.072456206,1.559939970,0.058997999,3022.732356156
4F-IoMT,21,2838.247543794,1.440060030,0.055002001,2847.707643844
4F-IoMT,22,3013.072456206,1.559939970,0.058997999,3022.732356156
4F-IoMT,23,2838.247543794,1.440060030,0.055002001,2847.707643844
4F-IoMT,24,3013.072456206,1.559939970,0.058997999,3022.732356156
4F-IoMT,25,2838.247543794,1.440060030,0.055002001,2847.707643844
4F-IoMT,26,3013.072456206,1.559939970,0.058997999,3022.732356156
4F-IoMT,27,2838.247543794,1.440060030,0.055002001,2847.707643844
4F-IoMT,28,3013.072456206,1.559939970,0.058997999,3022.732356156
4F-IoMT,29,2838.247543794,1.440060030,0.055002001,2847.707643844
4F-IoMT,30,3013.072456206,1.559939970,0.058997999,3022.732356156
4F-IoMT,31,2838.247543794,1.440060030,0.055002001,2847.707643844
4F-IoMT,32,3013.072456206,1.559939970,0.058997999,3022.732356156
4F-IoMT,33,2838.247543794,1.440060030,0.055002001,2847.707643844
4F-IoMT,34,3013.072456206,1.559939970,0.058997999,3022.732356156
4F-IoMT,35,2838.247543794,1.440060030,0.055002001,2847.707643844
4F-IoMT,36,3013.072456206,1.559939970,0.058997999,3022.732356156
4F-IoMT,37,2838.247543794,1.440060030,0.055002001,2847.707643844
4F-IoMT,38,3013.072456206,1.559939970,0.058997999,3022.732356156
4F-IoMT,39,2838.247543794,1.440060030,0.055002001,2847.707643844
4F-IoMT,40,3013.072456206,1.559939970,0.058997999,3022.732356156
4F-IoMT,41,2838.247543794,1.440060030,0.055002001,2847.707643844
4F-IoMT,42,3013.072456206,1.559939970,0.058997999,3022.732356156
4F-IoMT,43,2838.247543794,1.440060030,0.055002001,2847.707643844
4F-IoMT,44,3013.072456206,1.559939970,0.058997999,3022.732356156
4F-IoMT,45,2838.247543794,1.440060030,0.055002001,2847.707643844
4F-IoMT,46,3013.072456206,1.559939970,0.058997999,3022.732356156
4F-IoMT,47,2838.247543794,1.440060030,0.055002001,2847.707643844
4F-IoMT,48,3013.072456206,1.559939970,0.058997999,3022.732356156
4F-IoMT,49,2838.247543794,1.440060030,0.055002001,2847.707643844
4F-IoMT,50,3013.072456206,1.559939970,0.058997999,3022.732356156
4F-IoMT,51,2838.247543794,1.440060030,0.055002001,2847.707643844
4F-IoMT,52,3013.072456206,1.559939970,0.058997999,3022.732356156
4F-IoMT,53,2838.247543794,1.440060030,0.055002001,2847.707643844
4F-IoMT,54,3013.072456206,1.559939970,0.058997999,3022.732356156
4F-IoMT,55,2838.247543794,1.440060030,0.055002001,2847.707643844
4F-IoMT,56,3013.072456206,1.559939970,0.058997999,3022.732356156
4F-IoMT,57,2838.247543794,1.440060030,0.055002001,2847.707643844
4F-IoMT,58,3013.072456206,1.559939970,0.058997999,3022.732356156
4F-IoMT,59,2838.247543794,1.440060030,0.055002001,2847.707643844
4F-IoMT,60,3013.072456206,1.559939970,0.058997999,3022.732356156
4F-IoMT,61,2838.247543794,1.440060030,0.055002001,2847.707643844
4F-IoMT,62,3013.072456206,1.559939970,0.058997999,3022.732356156
4F-IoMT,63,2838.247543794,1.440060030,0.055002001,2847.707643844
4F-IoMT,64,3013.072456206,1.559939970,0.058997999,3022.732356156
4F-IoMT,65,2838.247543794,1.440060030,0.055002001,2847.707643844
4F-IoMT,66,3013.072456206,1.559939970,0.058997999,3022.732356156
4F-IoMT,67,2838.247543794,1.440060030,0.055002001,2847.707643844
4F-IoMT,68,3013.072456206,1.559939970,0.058997999,3022.732356156
4F-IoMT,69,2838.247543794,1.440060030,0.055002001,2847.707643844
4F-IoMT,70,3013.072456206,1.559939970,0.058997999,3022.732356156
4F-IoMT,71,2838.247543794,1.440060030,0.055002001,2847.707643844
4F-IoMT,72,3013.072456206,1.559939970,0.058997999,3022.732356156
4F-IoMT,73,2838.247543794,1.440060030,0.055002001,2847.707643844
4F-IoMT,74,3013.072456206,1.559939970,0.058997999,3022.732356156
4F-IoMT,75,2838.247543794,1.440060030,0.055002001,2847.707643844
4F-IoMT,76,3013.072456206,1.559939970,0.058997999,3022.732356156
4F-IoMT,77,2838.247543794,1.440060030,0.055002001,2847.707643844
4F-IoMT,78,3013.072456206,1.559939970,0.058997999,3022.732356156
4F-IoMT,79,2838.247543794,1.440060030,0.055002001,2847.707643844
4F-IoMT,80,3013.072456206,1.559939970,0.058997999,3022.732356156
4F-IoMT,81,2838.247543794,1.440060030,0.055002001,2847.707643844
4F-IoMT,82,3013.072456206,1.559939970,0.058997999,3022.732356156
4F-IoMT,83,2838.247543794,1.440060030,0.055002001,2847.707643844
4F-IoMT,84,3013.072456206,1.559939970,0.058997999,3022.732356156
4F-IoMT,85,2838.247543794,1.440060030,0.055002001,2847.707643844
4F-IoMT,86,3013.072456206,1.559939970,0.058997999,3022.732356156
4F-IoMT,87,2838.247543794,1.440060030,0.055002001,2847.707643844
4F-IoMT,88,3013.072456206,1.559939970,0.058997999,3022.732356156
4F-IoMT,89,2838.247543794,1.440060030,0.055002001,2847.707643844
4F-IoMT,90,3013.072456206,1.559939970,0.058997999,3022.732356156
4F-IoMT,91,2838.247543794,1.440060030,0.055002001,2847.707643844
4F-IoMT,92,3013.072456206,1.559939970,0.058997999,3022.732356156
4F-IoMT,93,2838.247543794,1.440060030,0.055002001,2847.707643844
4F-IoMT,94,3013.072456206,1.559939970,0.058997999,3022.732356156
4F-IoMT,95,2838.247543794,1.440060030,0.055002001,2847.707643844
4F-IoMT,96,3013.072456206,1.559939970,0.058997999,3022.732356156
4F-IoMT,97,2838.247543794,1.440060030,0.055002001,2847.707643844
4F-IoMT,98,3013.072456206,1.559939970,0.058997999,3022.732356156
4F-IoMT,99,2838.247543794,1.440060030,0.055002001,2847.707643844
4F-IoMT,100,3013.072456206,1.559939970,0.058997999,3022.732356156
4F-IoMT,101,2838.247543794,1.440060030,0.055002001,2847.707643844
4F-IoMT,102,3013.072456206,1.559939970,0.058997999,3022.732356156
4F-IoMT,103,2838.247543794,1.440060030,0.055002001,2847.707643844
4F-IoMT,104,3013.072456206,1.559939970,0.058997999,3022.732356156
4F-IoMT,105,2838.247543794,1.440060030,0.055002001,2847.707643844
4F-IoMT,106,3013.072456206,1.559939970,0.058997999,3022.732356156
4F-IoMT,107,2838.247543794,1.440060030,0.055002001,2847.707643844
4F-IoMT,108,3013.072456206,1.559939970,0.058997999,3022.732356156
4F-IoMT,109,2838.247543794,1.440060030,0.055002001,2847.707643844
4F-IoMT,110,3013.072456206,1.559939970,0.058997999,3022.732356156
4F-IoMT,111,2838.247543794,1.440060030,0.055002001,2847.707643844
4F-IoMT,112,3013.072456206,1.559939970,0.058997999,3022.732356156
4F-IoMT,113,2838.247543794,1.440060030,0.055002001,2847.707643844
4F-IoMT,114,3013.072456206,1.559939970,0.058997999,3022.732356156
4F-IoMT,115,2838.247543794,1.440060030,0.055002001,2847.707643844
4F-IoMT,116,3013.072456206,1.559939970,0.058997999,3022.732356156
4F-IoMT,117,2838.247543794,1.440060030,0.055002001,2847.707643844
4F-IoMT,118,3013.072456206,1.559939970,0.058997999,3022.732356156
4F-IoMT,119,2838.247543794,1.440060030,0.055002001,2847.707643844
4F-IoMT,120,3013.072456206,1.559939970,0.058997999,3022.732356156
4F-IoMT,121,2838.247543794,1.440060030,0.055002001,2847.707643844
4F-IoMT,122,3013.072456206,1.559939970,0.058997999,3022.732356156
4F-IoMT,123,2838.247543794,1.440060030,0.055002001,2847.707643844
4F-IoMT,124,3013.072456206,1.559939970,0.058997999,3022.732356156
4F-IoMT,125,2838.247543794,1.440060030,0.055002001,2847.707643844
4F-IoMT,126,3013.072456206,1.559939970,0.058997999,3022.732356156
4F-IoMT,127,2838.247543794,1.440060030,0.055002001,2847.707643844
4F-IoMT,128,3013.072456206,1.559939970,0.058997999,3022.732356156
4F-IoMT,129,2838.247543794,1.440060030,0.055002001,2847.707643844
4F-IoMT,130,3013.072456206,1.559939970,0.058997999,3022.732356156
4F-IoMT,131,2838.247543794,1.440060030,0.055002001,2847.707643844
4F-IoMT,132,3013.072456206,1.559939970,0.058997999,3022.732356156
4F-IoMT,133,2838.247543794,1.440060030,0.055002001,2847.707643844
4F-IoMT,134,3013.072456206,1.559939970,0.058997999,3022.732356156
4F-IoMT,135,2838.247543794,1.440060030,0.055002001,2847.707643844
4F-IoMT,136,3013.072456206,1.559939970,0.058997999,3022.732356156
4F-IoMT,137,2838.247543794,1.440060030,0.055002001,2847.707643844
4F-IoMT,138,3013.072456206,1.559939970,0.058997999,3022.732356156
4F-IoMT,139,2838.247543794,1.440060030,0.055002001,2847.707643844
4F-IoMT,140,3013.072456206,1.559939970,0.058997999,3022.732356156
4F-IoMT,141,2838.247543794,1.440060030,0.055002001,2847.707643844
4F-IoMT,142,3013.072456206,1.559939970,0.058997999,3022.732356156
4F-IoMT,143,2838.247543794,1.440060030,0.055002001,2847.707643844
4F-IoMT,144,3013.072456206,1.559939970,0.058997999,3022.732356156
4F-IoMT,145,2838.247543794,1.440060030,0.055002001,2847.707643844
4F-IoMT,146,3013.072456206,1.559939970,0.058997999,3022.732356156
4F-IoMT,147,2838.247543794,1.440060030,0.055002001,2847.707643844
4F-IoMT,148,3013.072456206,1.559939970,0.058997999,3022.732356156
4F-IoMT,149,2838.247543794,1.440060030,0.055002001,2847.707643844
4F-IoMT,150,3013.072456206,1.559939970,0.058997999,3022.732356156
4F-IoMT,151,2838.247543794,1.440060030,0.055002001,2847.707643844
4F-IoMT,152,3013.072456206,1.559939970,0.058997999,3022.732356156
4F-IoMT,153,2838.247543794,1.440060030,0.055002001,2847.707643844
4F-IoMT,154,3013.072456206,1.559939970,0.058997999,3022.732356156
4F-IoMT,155,2838.247543794,1.440060030,0.055002001,2847.707643844
4F-IoMT,156,3013.072456206,1.559939970,0.058997999,3022.732356156
4F-IoMT,157,2838.247543794,1.440060030,0.055002001,2847.707643844
4F-IoMT,158,3013.072456206,1.559939970,0.058997999,3022.732356156
4F-IoMT,159,2838.247543794,1.440060030,0.055002001,2847.707643844
4F-IoMT,160,3013.072456206,1.559939970,0.058997999,3022.732356156
4F-IoMT,161,2838.247543794,1.440060030,0.055002001,2847.707643844
4F-IoMT,162,3013.072456206,1.559939970,0.058997999,3022.732356156
4F-IoMT,163,2838.247543794,1.440060030,0.055002001,2847.707643844
4F-IoMT,164,3013.072456206,1.559939970,0.058997999,3022.732356156
4F-IoMT,165,2838.247543794,1.440060030,0.055002001,2847.707643844
4F-IoMT,166,3013.072456206,1.559939970,0.058997999,3022.732356156
4F-IoMT,167,2838.247543794,1.440060030,0.055002001,2847.707643844
4F-IoMT,168,3013.072456206,1.559939970,0.058997999,3022.732356156
4F-IoMT,169,2838.247543794,1.440060030,0.055002001,2847.707643844
4F-IoMT,170,3013.072456206,1.559939970,0.058997999,3022.732356156
4F-IoMT,171,2838.247543794,1.440060030,0.055002001,2847.707643844
4F-IoMT,172,3013.072456206,1.559939970,0.058997999,3022.732356156
4F-IoMT,173,2838.247543794,1.440060030,0.055002001,2847.707643844
4F-IoMT,174,3013.072456206,1.559939970,0.058997999,3022.732356156
4F-IoMT,175,2838.247543794,1.440060030,0.055002001,2847.707643844
4F-IoMT,176,3013.072456206,1.559939970,0.058997999,3022.732356156
4F-IoMT,177,2838.247543794,1.440060030,0.055002001,2847.707643844
4F-IoMT,178,3013.072456206,1.559939970,0.058997999,3022.732356156
4F-IoMT,179,2838.247543794,1.440060030,0.055002001,2847.707643844
4F-IoMT,180,3013.072456206,1.559939970,0.058997999,3022.732356156
4F-IoMT,181,2838.247543794,1.440060030,0.055002001,2847.707643844
4F-IoMT,182,3013.072456206,1.559939970,0.058997999,3022.732356156
4F-IoMT,183,2838.247543794,1.440060030,0.055002001,2847.707643844
4F-IoMT,184,3013.072456206,1.559939970,0.058997999,3022.732356156
4F-IoMT,185,2838.247543794,1.440060030,0.055002001,2847.707643844
4F-IoMT,186,3013.072456206,1.559939970,0.058997999,3022.732356156
4F-IoMT,187,2838.247543794,1.440060030,0.055002001,2847.707643844
4F-IoMT,188,3013.072456206,1.559939970,0.058997999,3022.732356156
4F-IoMT,189,2838.247543794,1.440060030,0.055002001,2847.707643844
4F-IoMT,190,3013.072456206,1.559939970,0.058997999,3022.732356156
4F-IoMT,191,2838.247543794,1.440060030,0.055002001,2847.707643844
4F-IoMT,192,3013.072456206,1.559939970,0.058997999,3022.732356156
4F-IoMT,193,2838.247543794,1.440060030,0.055002001,2847.707643844
4F-IoMT,194,3013.072456206,1.559939970,0.058997999,3022.732356156
4F-IoMT,195,2838.247543794,1.440060030,0.055002001,2847.707643844
4F-IoMT,196,3013.072456206,1.559939970,0.058997999,3022.732356156
4F-IoMT,197,2838.247543794,1.440060030,0.055002001,2847.707643844
4F-IoMT,198,3013.072456206,1.559939970,0.058997999,3022.732356156
4F-IoMT,199,2838.247543794,1.440060030,0.055002001,2847.707643844
4F-IoMT,200,3013.072456206,1.559939970,0.058997999,3022.732356156
4F-IoMT,201,2838.247543794,1.440060030,0.055002001,2847.707643844
4F-IoMT,202,3013.072456206,1.559939970,0.058997999,3022.732356156
4F-IoMT,203,2838.247543794,1.440060030,0.055002001,2847.707643844
4F-IoMT,204,3013.072456206,1.559939970,0.058997999,3022.732356156
4F-IoMT,205,2838.247543794,1.440060030,0.055002001,2847.707643844
4F-IoMT,206,3013.072456206,1.559939970,0.058997999,3022.732356156
4F-IoMT,207,2838.247543794,1.440060030,0.055002001,2847.707643844
4F-IoMT,208,3013.072456206,1.559939970,0.058997999,3022.732356156
4F-IoMT,209,2838.247543794,1.440060030,0.055002001,2847.707643844
4F-IoMT,210,3013.072456206,1.559939970,0.058997999,3022.732356156
4F-IoMT,211,2838.247543794,1.440060030,0.055002001,2847.707643844
4F-IoMT,212,3013.072456206,1.559939970,0.058997999,3022.732356156
4F-IoMT,213,2838.247543794,1.440060030,0.055002001,2847.707643844
4F-IoMT,214,3013.072456206,1.559939970,0.058997999,3022.732356156
4F-IoMT,215,2838.247543794,1.440060030,0.055002001,2847.707643844
4F-IoMT,216,3013.072456206,1.559939970,0.058997999,3022.732356156
4F-IoMT,217,2838.247543794,1.440060030,0.055002001,2847.707643844
4F-IoMT,218,3013.072456206,1.559939970,0.058997999,3022.732356156
4F-IoMT,219,2838.247543794,1.440060030,0.055002001,2847.707643844
4F-IoMT,220,3013.072456206,1.559939970,0.058997999,3022.732356156
4F-IoMT,221,2838.247543794,1.440060030,0.055002001,2847.707643844
4F-IoMT,222,3013.072456206,1.559939970,0.058997999,3022.732356156
4F-IoMT,223,2838.247543794,1.440060030,0.055002001,2847.707643844
4F-IoMT,224,3013.072456206,1.559939970,0.058997999,3022.732356156
4F-IoMT,225,2838.247543794,1.440060030,0.055002001,2847.707643844
4F-IoMT,226,3013.072456206,1.559939970,0.058997999,3022.732356156
4F-IoMT,227,2838.247543794,1.440060030,0.055002001,2847.707643844
4F-IoMT,228,3013.072456206,1.559939970,0.058997999,3022.732356156
4F-IoMT,229,2838.247543794,1.440060030,0.055002001,2847.707643844
4F-IoMT,230,3013.072456206,1.559939970,0.058997999,3022.732356156
4F-IoMT,231,2838.247543794,1.440060030,0.055002001,2847.707643844
4F-IoMT,232,3013.072456206,1.559939970,0.058997999,3022.732356156
4F-IoMT,233,2838.247543794,1.440060030,0.055002001,2847.707643844
4F-IoMT,234,3013.072456206,1.559939970,0.058997999,3022.732356156
4F-IoMT,235,2838.247543794,1.440060030,0.055002001,2847.707643844
4F-IoMT,236,3013.072456206,1.559939970,0.058997999,3022.732356156
4F-IoMT,237,2838.247543794,1.440060030,0.055002001,2847.707643844
4F-IoMT,238,3013.072456206,1.559939970,0.058997999,3022.732356156
4F-IoMT,239,2838.247543794,1.440060030,0.055002001,2847.707643844
4F-IoMT,240,3013.072456206,1.559939970,0.058997999,3022.732356156
4F-IoMT,241,2838.247543794,1.440060030,0.055002001,2847.707643844
4F-IoMT,242,3013.072456206,1.559939970,0.058997999,3022.732356156
4F-IoMT,243,2838.247543794,1.440060030,0.055002001,2847.707643844
4F-IoMT,244,3013.072456206,1.559939970,0.058997999,3022.732356156
4F-IoMT,245,2838.247543794,1.440060030,0.055002001,2847.707643844
4F-IoMT,246,3013.072456206,1.559939970,0.058997999,3022.732356156
4F-IoMT,247,2838.247543794,1.440060030,0.055002001,2847.707643844
4F-IoMT,248,3013.072456206,1.559939970,0.058997999,3022.732356156
4F-IoMT,249,2838.247543794,1.440060030,0.055002001,2847.707643844
4F-IoMT,250,3013.072456206,1.559939970,0.058997999,3022.732356156
4F-IoMT,251,2838.247543794,1.440060030,0.055002001,2847.707643844
4F-IoMT,252,3013.072456206,1.559939970,0.058997999,3022.732356156
4F-IoMT,253,2838.247543794,1.440060030,0.055002001,2847.707643844
4F-IoMT,254,3013.072456206,1.559939970,0.058997999,3022.732356156
4F-IoMT,255,2838.247543794,1.440060030,0.055002001,2847.707643844
4F-IoMT,256,3013.072456206,1.559939970,0.058997999,3022.732356156
4F-IoMT,257,2838.247543794,1.440060030,0.055002001,2847.707643844
4F-IoMT,258,3013.072456206,1.559939970,0.058997999,3022.732356156
4F-IoMT,259,2838.247543794,1.440060030,0.055002001,2847.707643844
4F-IoMT,260,3013.072456206,1.559939970,0.058997999,3022.732356156
4F-IoMT,261,2838.247543794,1.440060030,0.055002001,2847.707643844
4F-IoMT,262,3013.072456206,1.559939970,0.058997999,3022.732356156
4F-IoMT,263,2838.247543794,1.440060030,0.055002001,2847.707643844
4F-IoMT,264,3013.072456206,1.559939970,0.058997999,3022.732356156
4F-IoMT,265,2838.247543794,1.440060030,0.055002001,2847.707643844
4F-IoMT,266,3013.072456206,1.559939970,0.058997999,3022.732356156
4F-IoMT,267,2838.247543794,1.440060030,0.055002001,2847.707643844
4F-IoMT,268,3013.072456206,1.559939970,0.058997999,3022.732356156
4F-IoMT,269,2838.247543794,1.440060030,0.055002001,2847.707643844
4F-IoMT,270,3013.072456206,1.559939970,0.058997999,3022.732356156
4F-IoMT,271,2838.247543794,1.440060030,0.055002001,2847.707643844
4F-IoMT,272,3013.072456206,1.559939970,0.058997999,3022.732356156
4F-IoMT,273,2838.247543794,1.440060030,0.055002001,2847.707643844
4F-IoMT,274,3013.072456206,1.559939970,0.058997999,3022.732356156
4F-IoMT,275,2838.247543794,1.440060030,0.055002001,2847.707643844
4F-IoMT,276,3013.072456206,1.559939970,0.058997999,3022.732356156
4F-IoMT,277,2838.247543794,1.440060030,0.055002001,2847.707643844
4F-IoMT,278,3013.072456206,1.559939970,0.058997999,3022.732356156
4F-IoMT,279,2838.247543794,1.440060030,0.055002001,2847.707643844
4F-IoMT,280,3013.072456206,1.559939970,0.058997999,3022.732356156
4F-IoMT,281,2838.247543794,1.440060030,0.055002001,2847.707643844
4F-IoMT,282,3013.072456206,1.559939970,0.058997999,3022.732356156
4F-IoMT,283,2838.247543794,1.440060030,0.055002001,2847.707643844
4F-IoMT,284,3013.072456206,1.559939970,0.058997999,3022.732356156
4F-IoMT,285,2838.247543794,1.440060030,0.055002001,2847.707643844
4F-IoMT,286,3013.072456206,1.559939970,0.058997999,3022.732356156
4F-IoMT,287,2838.247543794,1.440060030,0.055002001,2847.707643844
4F-IoMT,288,3013.072456206,1.559939970,0.058997999,3022.732356156
4F-IoMT,289,2838.247543794,1.440060030,0.055002001,2847.707643844
4F-IoMT,290,3013.072456206,1.559939970,0.058997999,3022.732356156
4F-IoMT,291,2838.247543794,1.440060030,0.055002001,2847.707643844
4F-IoMT,292,3013.072456206,1.559939970,0.058997999,3022.732356156
4F-IoMT,293,2838.247543794,1.440060030,0.055002001,2847.707643844
4F-IoMT,294,3013.072456206,1.559939970,0.058997999,3022.732356156
4F-IoMT,295,2838.247543794,1.440060030,0.055002001,2847.707643844
4F-IoMT,296,3013.072456206,1.559939970,0.058997999,3022.732356156
4F-IoMT,297,2838.247543794,1.440060030,0.055002001,2847.707643844
4F-IoMT,298,3013.072456206,1.559939970,0.058997999,3022.732356156
4F-IoMT,299,2838.247543794,1.440060030,0.055002001,2847.707643844
4F-IoMT,300,3013.072456206,1.559939970,0.058997999,3022.732356156
4F-IoMT,301,2838.247543794,1.440060030,0.055002001,2847.707643844
4F-IoMT,302,3013.072456206,1.559939970,0.058997999,3022.732356156
4F-IoMT,303,2838.247543794,1.440060030,0.055002001,2847.707643844
4F-IoMT,304,3013.072456206,1.559939970,0.058997999,3022.732356156
4F-IoMT,305,2838.247543794,1.440060030,0.055002001,2847.707643844
4F-IoMT,306,3013.072456206,1.559939970,0.058997999,3022.732356156
4F-IoMT,307,2838.247543794,1.440060030,0.055002001,2847.707643844
4F-IoMT,308,3013.072456206,1.559939970,0.058997999,3022.732356156
4F-IoMT,309,2838.247543794,1.440060030,0.055002001,2847.707643844
4F-IoMT,310,3013.072456206,1.559939970,0.058997999,3022.732356156
4F-IoMT,311,2838.247543794,1.440060030,0.055002001,2847.707643844
4F-IoMT,312,3013.072456206,1.559939970,0.058997999,3022.732356156
4F-IoMT,313,2838.247543794,1.440060030,0.055002001,2847.707643844
4F-IoMT,314,3013.072456206,1.559939970,0.058997999,3022.732356156
4F-IoMT,315,2838.247543794,1.440060030,0.055002001,2847.707643844
4F-IoMT,316,3013.072456206,1.559939970,0.058997999,3022.732356156
4F-IoMT,317,2838.247543794,1.440060030,0.055002001,2847.707643844
4F-IoMT,318,3013.072456206,1.559939970,0.058997999,3022.732356156
4F-IoMT,319,2838.247543794,1.440060030,0.055002001,2847.707643844
4F-IoMT,320,3013.072456206,1.559939970,0.058997999,3022.732356156
4F-IoMT,321,2838.247543794,1.440060030,0.055002001,2847.707643844
4F-IoMT,322,3013.072456206,1.559939970,0.058997999,3022.732356156
4F-IoMT,323,2838.247543794,1.440060030,0.055002001,2847.707643844
4F-IoMT,324,3013.072456206,1.559939970,0.058997999,3022.732356156
4F-IoMT,325,2838.247543794,1.440060030,0.055002001,2847.707643844
4F-IoMT,326,3013.072456206,1.559939970,0.058997999,3022.732356156
4F-IoMT,327,2838.247543794,1.440060030,0.055002001,2847.707643844
4F-IoMT,328,3013.072456206,1.559939970,0.058997999,3022.732356156
4F-IoMT,329,2838.247543794,1.440060030,0.055002001,2847.707643844
4F-IoMT,330,3013.072456206,1.559939970,0.058997999,3022.732356156
4F-IoMT,331,2838.247543794,1.440060030,0.055002001,2847.707643844
4F-IoMT,332,3013.072456206,1.559939970,0.058997999,3022.732356156
4F-IoMT,333,2838.247543794,1.440060030,0.055002001,2847.707643844
4F-IoMT,334,3013.072456206,1.559939970,0.058997999,3022.732356156
4F-IoMT,335,2838.247543794,1.440060030,0.055002001,2847.707643844
4F-IoMT,336,3013.072456206,1.559939970,0.058997999,3022.732356156
4F-IoMT,337,2838.247543794,1.440060030,0.055002001,2847.707643844
4F-IoMT,338,3013.072456206,1.559939970,0.058997999,3022.732356156
4F-IoMT,339,2838.247543794,1.440060030,0.055002001,2847.707643844
4F-IoMT,340,3013.072456206,1.559939970,0.058997999,3022.732356156
4F-IoMT,341,2838.247543794,1.440060030,0.055002001,2847.707643844
4F-IoMT,342,3013.072456206,1.559939970,0.058997999,3022.732356156
4F-IoMT,343,2838.247543794,1.440060030,0.055002001,2847.707643844
4F-IoMT,344,3013.072456206,1.559939970,0.058997999,3022.732356156
4F-IoMT,345,2838.247543794,1.440060030,0.055002001,2847.707643844
4F-IoMT,346,3013.072456206,1.559939970,0.058997999,3022.732356156
4F-IoMT,347,2838.247543794,1.440060030,0.055002001,2847.707643844
4F-IoMT,348,3013.072456206,1.559939970,0.058997999,3022.732356156
4F-IoMT,349,2838.247543794,1.440060030,0.055002001,2847.707643844
4F-IoMT,350,3013.072456206,1.559939970,0.058997999,3022.732356156
4F-IoMT,351,2838.247543794,1.440060030,0.055002001,2847.707643844
4F-IoMT,352,3013.072456206,1.559939970,0.058997999,3022.732356156
4F-IoMT,353,2838.247543794,1.440060030,0.055002001,2847.707643844
4F-IoMT,354,3013.072456206,1.559939970,0.058997999,3022.732356156
4F-IoMT,355,2838.247543794,1.440060030,0.055002001,2847.707643844
4F-IoMT,356,3013.072456206,1.559939970,0.058997999,3022.732356156
4F-IoMT,357,2838.247543794,1.440060030,0.055002001,2847.707643844
4F-IoMT,358,3013.072456206,1.559939970,0.058997999,3022.732356156
4F-IoMT,359,2838.247543794,1.440060030,0.055002001,2847.707643844
4F-IoMT,360,3013.072456206,1.559939970,0.058997999,3022.732356156
4F-IoMT,361,2838.247543794,1.440060030,0.055002001,2847.707643844
4F-IoMT,362,3013.072456206,1.559939970,0.058997999,3022.732356156
4F-IoMT,363,2838.247543794,1.440060030,0.055002001,2847.707643844
4F-IoMT,364,3013.072456206,1.559939970,0.058997999,3022.732356156
4F-IoMT,365,2838.247543794,1.440060030,0.055002001,2847.707643844
4F-IoMT,366,3013.072456206,1.559939970,0.058997999,3022.732356156
4F-IoMT,367,2838.247543794,1.440060030,0.055002001,2847.707643844
4F-IoMT,368,3013.072456206,1.559939970,0.058997999,3022.732356156
4F-IoMT,369,2838.247543794,1.440060030,0.055002001,2847.707643844
4F-IoMT,370,3013.072456206,1.559939970,0.058997999,3022.732356156
4F-IoMT,371,2838.247543794,1.440060030,0.055002001,2847.707643844
4F-IoMT,372,3013.072456206,1.559939970,0.058997999,3022.732356156
4F-IoMT,373,2838.247543794,1.440060030,0.055002001,2847.707643844
4F-IoMT,374,3013.072456206,1.559939970,0.058997999,3022.732356156
4F-IoMT,375,2838.247543794,1.440060030,0.055002001,2847.707643844
4F-IoMT,376,3013.072456206,1.559939970,0.058997999,3022.732356156
4F-IoMT,377,2838.247543794,1.440060030,0.055002001,2847.707643844
4F-IoMT,378,3013.072456206,1.559939970,0.058997999,3022.732356156
4F-IoMT,379,2838.247543794,1.440060030,0.055002001,2847.707643844
4F-IoMT,380,3013.072456206,1.559939970,0.058997999,3022.732356156
4F-IoMT,381,2838.247543794,1.440060030,0.055002001,2847.707643844
4F-IoMT,382,3013.072456206,1.559939970,0.058997999,3022.732356156
4F-IoMT,383,2838.247543794,1.440060030,0.055002001,2847.707643844
4F-IoMT,384,3013.072456206,1.559939970,0.058997999,3022.732356156
4F-IoMT,385,2838.247543794,1.440060030,0.055002001,2847.707643844
4F-IoMT,386,3013.072456206,1.559939970,0.058997999,3022.732356156
4F-IoMT,387,2838.247543794,1.440060030,0.055002001,2847.707643844
4F-IoMT,388,3013.072456206,1.559939970,0.058997999,3022.732356156
4F-IoMT,389,2838.247543794,1.440060030,0.055002001,2847.707643844
4F-IoMT,390,3013.072456206,1.559939970,0.058997999,3022.732356156
4F-IoMT,391,2838.247543794,1.440060030,0.055002001,2847.707643844
4F-IoMT,392,3013.072456206,1.559939970,0.058997999,3022.732356156
4F-IoMT,393,2838.247543794,1.440060030,0.055002001,2847.707643844
4F-IoMT,394,3013.072456206,1.559939970,0.058997999,3022.732356156
4F-IoMT,395,2838.247543794,1.440060030,0.055002001,2847.707643844
4F-IoMT,396,3013.072456206,1.559939970,0.058997999,3022.732356156
4F-IoMT,397,2838.247543794,1.440060030,0.055002001,2847.707643844
4F-IoMT,398,3013.072456206,1.559939970,0.058997999,3022.732356156
4F-IoMT,399,2838.247543794,1.440060030,0.055002001,2847.707643844
4F-IoMT,400,3013.072456206,1.559939970,0.058997999,3022.732356156
4F-IoMT,401,2838.247543794,1.440060030,0.055002001,2847.707643844
4F-IoMT,402,3013.072456206,1.559939970,0.058997999,3022.732356156
4F-IoMT,403,2838.247543794,1.440060030,0.055002001,2847.707643844
4F-IoMT,404,3013.072456206,1.559939970,0.058997999,3022.732356156
4F-IoMT,405,2838.247543794,1.440060030,0.055002001,2847.707643844
4F-IoMT,406,3013.072456206,1.559939970,0.058997999,3022.732356156
4F-IoMT,407,2838.247543794,1.440060030,0.055002001,2847.707643844
4F-IoMT,408,3013.072456206,1.559939970,0.058997999,3022.732356156
4F-IoMT,409,2838.247543794,1.440060030,0.055002001,2847.707643844
4F-IoMT,410,3013.072456206,1.559939970,0.058997999,3022.732356156
4F-IoMT,411,2838.247543794,1.440060030,0.055002001,2847.707643844
4F-IoMT,412,3013.072456206,1.559939970,0.058997999,3022.732356156
4F-IoMT,413,2838.247543794,1.440060030,0.055002001,2847.707643844
4F-IoMT,414,3013.072456206,1.559939970,0.058997999,3022.732356156
4F-IoMT,415,2838.247543794,1.440060030,0.055002001,2847.707643844
4F-IoMT,416,3013.072456206,1.559939970,0.058997999,3022.732356156
4F-IoMT,417,2838.247543794,1.440060030,0.055002001,2847.707643844
4F-IoMT,418,3013.072456206,1.559939970,0.058997999,3022.732356156
4F-IoMT,419,2838.247543794,1.440060030,0.055002001,2847.707643844
4F-IoMT,420,3013.072456206,1.559939970,0.058997999,3022.732356156
4F-IoMT,421,2838.247543794,1.440060030,0.055002001,2847.707643844
4F-IoMT,422,3013.072456206,1.559939970,0.058997999,3022.732356156
4F-IoMT,423,2838.247543794,1.440060030,0.055002001,2847.707643844
4F-IoMT,424,3013.072456206,1.559939970,0.058997999,3022.732356156
4F-IoMT,425,2838.247543794,1.440060030,0.055002001,2847.707643844
4F-IoMT,426,3013.072456206,1.559939970,0.058997999,3022.732356156
4F-IoMT,427,2838.247543794,1.440060030,0.055002001,2847.707643844
4F-IoMT,428,3013.072456206,1.559939970,0.058997999,3022.732356156
4F-IoMT,429,2838.247543794,1.440060030,0.055002001,2847.707643844
4F-IoMT,430,3013.072456206,1.559939970,0.058997999,3022.732356156
4F-IoMT,431,2838.247543794,1.440060030,0.055002001,2847.707643844
4F-IoMT,432,3013.072456206,1.559939970,0.058997999,3022.732356156
4F-IoMT,433,2838.247543794,1.440060030,0.055002001,2847.707643844
4F-IoMT,434,3013.072456206,1.559939970,0.058997999,3022.732356156
4F-IoMT,435,2838.247543794,1.440060030,0.055002001,2847.707643844
4F-IoMT,436,3013.072456206,1.559939970,0.058997999,3022.732356156
4F-IoMT,437,2838.247543794,1.440060030,0.055002001,2847.707643844
4F-IoMT,438,3013.072456206,1.559939970,0.058997999,3022.732356156
4F-IoMT,439,2838.247543794,1.440060030,0.055002001,2847.707643844
4F-IoMT,440,3013.072456206,1.559939970,0.058997999,3022.732356156
4F-IoMT,441,2838.247543794,1.440060030,0.055002001,2847.707643844
4F-IoMT,442,3013.072456206,1.559939970,0.058997999,3022.732356156
4F-IoMT,443,2838.247543794,1.440060030,0.055002001,2847.707643844
4F-IoMT,444,3013.072456206,1.559939970,0.058997999,3022.732356156
4F-IoMT,445,2838.247543794,1.440060030,0.055002001,2847.707643844
4F-IoMT,446,3013.072456206,1.559939970,0.058997999,3022.732356156
4F-IoMT,447,2838.247543794,1.440060030,0.055002001,2847.707643844
4F-IoMT,448,3013.072456206,1.559939970,0.058997999,3022.732356156
4F-IoMT,449,2838.247543794,1.440060030,0.055002001,2847.707643844
4F-IoMT,450,3013.072456206,1.559939970,0.058997999,3022.732356156
4F-IoMT,451,2838.247543794,1.440060030,0.055002001,2847.707643844
4F-IoMT,452,3013.072456206,1.559939970,0.058997999,3022.732356156
4F-IoMT,453,2838.247543794,1.440060030,0.055002001,2847.707643844
4F-IoMT,454,3013.072456206,1.559939970,0.058997999,3022.732356156
4F-IoMT,455,2838.247543794,1.440060030,0.055002001,2847.707643844
4F-IoMT,456,3013.072456206,1.559939970,0.058997999,3022.732356156
4F-IoMT,457,2838.247543794,1.440060030,0.055002001,2847.707643844
4F-IoMT,458,3013.072456206,1.559939970,0.058997999,3022.732356156
4F-IoMT,459,2838.247543794,1.440060030,0.055002001,2847.707643844
4F-IoMT,460,3013.072456206,1.559939970,0.058997999,3022.732356156
4F-IoMT,461,2838.247543794,1.440060030,0.055002001,2847.707643844
4F-IoMT,462,3013.072456206,1.559939970,0.058997999,3022.732356156
4F-IoMT,463,2838.247543794,1.440060030,0.055002001,2847.707643844
4F-IoMT,464,3013.072456206,1.559939970,0.058997999,3022.732356156
4F-IoMT,465,2838.247543794,1.440060030,0.055002001,2847.707643844
4F-IoMT,466,3013.072456206,1.559939970,0.058997999,3022.732356156
4F-IoMT,467,2838.247543794,1.440060030,0.055002001,2847.707643844
4F-IoMT,468,3013.072456206,1.559939970,0.058997999,3022.732356156
4F-IoMT,469,2838.247543794,1.440060030,0.055002001,2847.707643844
4F-IoMT,470,3013.072456206,1.559939970,0.058997999,3022.732356156
4F-IoMT,471,2838.247543794,1.440060030,0.055002001,2847.707643844
4F-IoMT,472,3013.072456206,1.559939970,0.058997999,3022.732356156
4F-IoMT,473,2838.247543794,1.440060030,0.055002001,2847.707643844
4F-IoMT,474,3013.072456206,1.559939970,0.058997999,3022.732356156
4F-IoMT,475,2838.247543794,1.440060030,0.055002001,2847.707643844
4F-IoMT,476,3013.072456206,1.559939970,0.058997999,3022.732356156
4F-IoMT,477,2838.247543794,1.440060030,0.055002001,2847.707643844
4F-IoMT,478,3013.072456206,1.559939970,0.058997999,3022.732356156
4F-IoMT,479,2838.247543794,1.440060030,0.055002001,2847.707643844
4F-IoMT,480,3013.072456206,1.559939970,0.058997999,3022.732356156
4F-IoMT,481,2838.247543794,1.440060030,0.055002001,2847.707643844
4F-IoMT,482,3013.072456206,1.559939970,0.058997999,3022.732356156
4F-IoMT,483,2838.247543794,1.440060030,0.055002001,2847.707643844
4F-IoMT,484,3013.072456206,1.559939970,0.058997999,3022.732356156
4F-IoMT,485,2838.247543794,1.440060030,0.055002001,2847.707643844
4F-IoMT,486,3013.072456206,1.559939970,0.058997999,3022.732356156
4F-IoMT,487,2838.247543794,1.440060030,0.055002001,2847.707643844
4F-IoMT,488,3013.072456206,1.559939970,0.058997999,3022.732356156
4F-IoMT,489,2838.247543794,1.440060030,0.055002001,2847.707643844
4F-IoMT,490,3013.072456206,1.559939970,0.058997999,3022.732356156
4F-IoMT,491,2838.247543794,1.440060030,0.055002001,2847.707643844
4F-IoMT,492,3013.072456206,1.559939970,0.058997999,3022.732356156
4F-IoMT,493,2838.247543794,1.440060030,0.055002001,2847.707643844
4F-IoMT,494,3013.072456206,1.559939970,0.058997999,3022.732356156
4F-IoMT,495,2838.247543794,1.440060030,0.055002001,2847.707643844
4F-IoMT,496,3013.072456206,1.559939970,0.058997999,3022.732356156
4F-IoMT,497,2838.247543794,1.440060030,0.055002001,2847.707643844
4F-IoMT,498,3013.072456206,1.559939970,0.058997999,3022.732356156
4F-IoMT,499,2838.247543794,1.440060030,0.055002001,2847.707643844
4F-IoMT,500,3013.072456206,1.559939970,0.058997999,3022.732356156
